id,domain,status,purchase_price,renewal_price,attractiveness,demand,length,registrar,created_at,expires_at,status_verified_at
2f8282b6-99ce-4c3c-ad04-dfeccff9542d,sobersided.forum,available,1.8,49.98,high,medium,10,namecheap,,,10/09/2026 13:07
ad4a7ad2-57ce-4f77-8930-64201cad6d09,nitrous.forum,available,1.8,49.98,high,low,7,namecheap,,,08/08/2026 03:03
24da8e3b-376a-4662-8f92-4279f1e296a0,ruin.forum,premium,87.5,125,high,low,4,name.com,,,08/08/2026 13:39
8305bec9-5a8f-43de-8d5b-595c8dd7ff0a,dawkins.forum,available,2.99,32.32,medium,low,7,dynadot,,,29/09/2026 15:39
4a271569-c66b-4c96-888b-d51239b474bd,musically.forum,available,1.8,49.98,high,low,9,namecheap,,,15/09/2026 15:43
11d7cde8-6cc9-4faf-ae60-71dc5b580fdb,arises.forum,available,2.19,34.99,low,low,6,namesilo,,,30/09/2026 07:05
530d1abf-a3f0-41c5-a4ef-1c5fca4c7966,balanchine.forum,premium,130,130,medium,low,10,namecheap,,,21/09/2026 20:54
cbd166c0-13dc-4c83-b55b-5e973bc47ace,hindustani.forum,available,1.8,49.98,medium,low,10,namecheap,,,21/08/2026 09:35
40d80f5e-4cd8-4bea-ad41-72081795a23a,nantes.forum,available,2.19,34.99,medium,low,6,namesilo,,,28/09/2026 10:30
787db2ef-3107-4976-b4aa-f099b7e91f67,toxicity.forum,available,1.24,31.16,high,low,8,spaceship,,,30/09/2026 18:20
a08826ee-a043-4fb7-8d72-00d67c49f615,encampment.forum,available,1.8,49.98,medium,low,10,namecheap,,,08/09/2026 09:14
81e2ae01-6f7e-4911-9b5a-9b5ccd13394f,erwin.forum,premium,640,640,high,low,5,namesilo,,,27/09/2026 01:41
2d46a4d0-cac3-49d6-86ef-f60d525d7fa9,fumes.forum,premium,116,116,high,low,5,namesilo,,,30/09/2026 01:34
9e59bc32-5749-474e-9632-27ec83d6ffdf,helicopter.forum,available,2.19,34.99,high,low,10,namesilo,,,25/09/2026 05:19
cbabdb50-5ecd-447d-8d89-38a9eb747952,tantric.forum,available,1.8,49.98,high,low,7,namecheap,,,11/09/2026 08:05
6f744281-082b-48b0-9aab-055467da8d34,stalls.forum,available,1.8,49.98,medium,low,6,namecheap,,,10/09/2026 17:59
164d5808-1d09-4ffc-ba34-3d0841fdc535,farr.forum,available,2.99,32.32,medium,low,4,dynadot,,,28/09/2026 22:15
1501f8da-b864-4e4d-a42a-08c6fd25d3d6,senseless.forum,available,1.8,49.98,medium,low,9,namecheap,,,03/09/2026 17:48
f862cfa7-5469-4e57-a21b-dac612d142fa,feast.forum,premium,116,116,high,low,5,namesilo,,,22/09/2026 03:01
9341bc7c-cf27-403d-86ef-0e452e1d3b5d,vertebral.forum,available,1.8,49.98,medium,low,9,namecheap,,,13/09/2026 04:33
2f3a0eb4-ddbc-4f95-a82c-618998159057,allowable.forum,available,1.8,49.98,high,low,9,namecheap,,,
818baa67-fb25-4045-a493-32de0c173049,bruckner.forum,available,1.8,49.98,medium,low,8,namecheap,,,19/09/2026 15:26
ef19cb53-57dd-45aa-baf8-29bb6e3cbedf,transcript.forum,available,1.8,49.98,high,low,10,namecheap,,,25/09/2026 22:18
1cd117a9-fa06-4d47-b0d7-bb96e2a796a2,leads.forum,premium,325,325,high,low,5,namecheap,,,25/09/2026 20:21
66640430-af7b-4527-b47f-357fc24b27ad,austenite.forum,available,1.8,49.98,medium,low,9,namecheap,,,21/09/2026 04:39
d1955015-29ff-489e-8962-847feae37287,wholly.forum,available,1.8,49.98,high,low,6,namecheap,,,
bd861d9f-cccb-47e9-a04d-b9bdc729a31f,alumnus.forum,available,1.8,49.98,high,low,7,namecheap,,,20/08/2026 17:42
388c60e9-ad66-4276-98e3-d738a9f12d7c,plaques.forum,available,1.8,49.98,low,low,7,namecheap,,,20/09/2026 08:19
ce415038-7e06-447c-a6f9-07ccaaca83a5,spiny.forum,premium,87.5,125,medium,low,5,name.com,,,08/08/2026 17:49
758101e5-63f1-4009-98a8-068c965f2749,engineered.forum,available,1.24,31.16,high,low,10,spaceship,,,29/09/2026 14:48
d88089a4-8473-4e49-9e19-6cc7665bc84a,mendacious.forum,available,1.8,49.98,medium,low,10,namecheap,,,24/08/2026 20:04
e3497bee-670d-4d09-b2ec-7fe34aafa2ea,soundly.forum,available,2.19,34.99,medium,low,7,namesilo,,,16/09/2026 05:34
31c4ef46-6035-4f79-a805-d956dc0b374b,fracture.forum,available,1.24,31.16,high,low,8,spaceship,,,28/09/2026 01:53
f0b6d435-8aad-4017-a4ca-c906a5d4b68c,prisons.forum,available,2.19,34.99,medium,low,7,namesilo,,,29/09/2026 11:25
4d30f891-744c-41d7-a9d0-2e334aa72429,eatery.forum,available,2.19,34.99,high,low,6,namesilo,,,01/10/2026 02:34
d5d48169-cec6-4843-8a8b-9230069654ec,poisoning.forum,available,2.99,32.32,medium,low,9,dynadot,,,30/09/2026 00:17
efeeb7b7-40eb-4e0f-9e36-0c8f426a0396,hunters.forum,resell,,,medium,low,7,,,,28/09/2026 08:39
371b6cb2-19fb-454b-8eee-d90526f5f1ab,matthews.forum,available,1.8,49.98,high,low,8,namecheap,,,25/09/2026 19:36
df8af21a-f0f3-4aed-a5c6-dda56fef93a3,toothless.forum,available,1.8,49.98,medium,low,9,namecheap,,,11/09/2026 17:15
76b44a2d-3e20-4db4-834a-ee0e1e7d34fa,flying.forum,premium,116,116,high,low,6,namesilo,,,24/09/2026 17:17
574ababc-5035-4d72-bdb4-f12bf240e338,thornton.forum,available,2.19,34.99,high,low,8,namesilo,,,25/09/2026 10:54
fb0fc81d-31f7-4487-a4d2-67cfb8fc0da0,heisenberg.forum,available,1.24,31.16,high,low,10,spaceship,,,30/09/2026 10:06
74527303-611e-4a55-abd6-48b7ef39bbee,uppercase.forum,available,2.19,34.99,high,low,9,namesilo,,,25/09/2026 16:20
f2c85423-28bf-4c76-9372-f3d53254aafd,engaged.forum,available,1.8,49.98,high,low,7,namecheap,,,10/08/2026 19:07
e576f02c-ffb9-438e-890a-8027f568fe35,rand.forum,premium,130,130,high,low,4,namecheap,,,21/09/2026 10:39
2b9e8d94-93f2-4691-b331-a56d9e1a110d,baedeker.forum,available,2.19,34.99,medium,low,8,namesilo,,,21/09/2026 17:22
6d10ca58-976a-44f6-854e-9a031ea9a8a8,abrasion.forum,available,2.19,34.99,medium,low,8,namesilo,,,16/09/2026 16:56
86f270fa-94c4-46d1-b254-f5b5d78a2570,reversible.forum,available,2.19,34.99,high,low,10,namesilo,,,27/09/2026 14:17
523d4181-1370-4fb2-9911-eb2dee0a945a,microbial.forum,available,1.8,49.98,medium,low,9,namecheap,,,08/09/2026 09:41
73f5759f-9a41-45bc-b7e1-43690b5d0287,edward.forum,premium,640,640,high,low,6,namesilo,,,18/09/2026 02:39
2d1d49df-5c36-4536-ad36-d168b134b8ae,gaseous.forum,available,1.8,49.98,medium,low,7,namecheap,,,18/08/2026 20:25
4ca0dc75-eebf-447f-9513-58723a1b1736,artificial.forum,resell,,,high,low,10,NAMECHEAP,10/06/2026 19:19,10/06/2027 19:19,29/09/2026 08:59
9487c677-a59d-4916-9669-9d69e4075495,fervently.forum,available,1.8,49.98,medium,low,9,namecheap,,,14/09/2026 18:24
eaf9cf58-cc42-4c3a-9333-928719ebb377,razor.forum,premium,103.7,103.7,high,low,5,spaceship,,,30/09/2026 09:10
0cdb9d30-d3f2-4968-a2f0-17cb48479994,coiling.forum,available,1.8,49.98,medium,low,7,namecheap,,,12/08/2026 16:09
4f55ab8d-5400-4512-b26e-031eccbeb6aa,infrasonic.forum,available,1.8,49.98,medium,low,10,namecheap,,,22/08/2026 04:48
614803f1-6dcc-4ff1-bfbd-75e101061f28,insurable.forum,available,1.8,49.98,high,low,9,namecheap,,,22/08/2026 07:40
087f7fcb-c765-4e19-a76f-d417874623c6,subhuman.forum,available,1.8,49.98,medium,low,8,namecheap,,,10/09/2026 23:56
1a018e2e-05a5-47a1-94bf-633d2c9022d2,hoist.forum,premium,103.7,103.7,high,low,5,spaceship,,,30/09/2026 01:53
dbfd71aa-8dc2-4a7c-9a5e-c56d2de7e296,rushy.forum,premium,130,130,medium,low,5,namecheap,,,09/09/2026 20:04
e1f2f4f2-4302-4c5e-bd3d-7115896c3b78,pamphlets.forum,available,2.19,34.99,medium,low,9,namesilo,,,01/10/2026 00:17
d50f5868-7a56-487e-a360-f73299ec9815,rhomboid.forum,available,1.8,49.98,medium,low,8,namecheap,,,09/09/2026 16:47
7c2c0715-418c-4fd4-b9e7-f1758295c8fa,arrows.forum,available,2.19,34.99,medium,low,6,namesilo,,,17/09/2026 06:24
2b7e9726-8aa3-41e5-af14-8b38f10ad347,fastgrowing.forum,available,1.99,,high,low,12,name.com,,,
0ee45a0c-0172-4a01-8db6-81c8e43774f4,babushka.forum,available,2.19,34.99,high,low,8,namesilo,,,21/09/2026 12:58
2c79426a-d2f6-4725-84c5-cd9260fe9ebc,listen.forum,available,1.24,31.16,high,low,6,spaceship,,,29/09/2026 22:36
de9e20cf-c7ac-4395-93de-44d601ba5012,liar.forum,premium,103.7,103.7,high,low,4,spaceship,,,27/09/2026 14:44
8eb11d29-94b4-49b7-acd4-5931fa15e65f,woe.forum,premium,103.7,103.7,high,low,3,spaceship,,,30/09/2026 19:07
c7db0b1a-dd4a-4e53-b76c-d891ab586e9f,agrippina.forum,available,1.8,49.98,medium,low,9,namecheap,,,17/09/2026 19:33
4c32dc42-346e-448e-b4e6-dd6e17c23e42,multilingual.forum,available,30.2,30.2,high,low,12,cloudflare,,,29/09/2026 20:52
4e786144-86dd-4959-8ce0-21e1117b3f88,inflation.forum,available,2.99,32.32,high,low,9,dynadot,,,29/09/2026 07:21
223a8450-ec62-4371-b491-563a84fbeabd,archer.forum,available,1.8,49.98,high,low,6,namecheap,,,20/09/2026 01:54
024f662e-fee6-4266-815c-17b3ca875d25,arousal.forum,available,1.8,49.98,high,medium,7,namecheap,,,09/09/2026 19:07
ccc4dad6-026b-4417-8cc2-75ff5a026253,ams.forum,premium,,,high,low,3,,,,28/09/2026 21:48
31987c8d-aade-418a-a1a9-d8a478cbafb6,adorer.forum,available,2.19,34.99,medium,low,6,namesilo,,,17/09/2026 09:45
f30aec86-af3e-4315-b1ca-afa4e236c16f,photocopying.forum,available,1.8,49.98,medium,low,12,namecheap,,,20/09/2026 03:35
7232ed6f-61a0-4cc9-a573-b4ab101ba9fb,timothy.forum,available,30.2,30.2,high,low,7,cloudflare,,,01/10/2026 02:30
50d8f45d-7f65-476c-b407-33b9d3a82f35,fresh.forum,premium,116,116,high,medium,5,namesilo,,,23/09/2026 01:54
cc5d8ad9-f9fb-4289-857c-76150819c88b,satiny.forum,available,1.8,49.98,medium,low,6,namecheap,,,09/09/2026 21:41
aa11bce4-1fbb-4efa-bf6d-b741f8bbac01,annealing.forum,available,1.8,49.98,high,low,9,namecheap,,,11/09/2026 10:58
0acfd1b9-449e-46ed-bec3-65a22f34ea60,welcoming.forum,available,1.8,49.98,high,low,9,namecheap,,,13/09/2026 10:14
0f7eff44-39ca-40a7-8c11-101e8a58bdaf,rogers.forum,premium,382.61,546.35,high,low,6,porkbun,,,27/09/2026 12:11
a11c1028-e0b3-40bf-882e-a34d4d7240b7,poppy.forum,premium,116,116,high,medium,5,namesilo,,,28/09/2026 15:04
4bbe70bf-38fc-4be1-b89b-c56962443e39,fasten.forum,premium,87.5,,high,low,6,name.com,,,30/09/2026 19:48
5840b11f-de3f-4f47-b49a-5e4a678a61bf,cbo.forum,premium,517.7,517.7,high,low,3,spaceship,,,30/09/2026 04:30
a77dbbd5-3408-4cce-ba42-e53bc1811d50,pharmacy.forum,premium,103.7,103.7,high,low,8,spaceship,,,28/09/2026 21:46
bfa52c3a-b53f-47ba-9136-4fde623397c9,grownup.forum,available,1.8,49.98,high,low,7,namecheap,,,
0acaa68a-cc3e-4dfd-bbc8-26b3efa8a810,gallon.forum,available,30.2,30.2,high,low,6,cloudflare,,,29/09/2026 10:57
f8487f60-572f-4d37-ba3d-c11a08cbaaca,brescia.forum,available,2.19,34.99,medium,low,7,namesilo,,,29/09/2026 06:10
0c8a550d-0298-4596-a010-328ff2744749,twat.forum,premium,116,116,high,medium,4,namesilo,,,09/09/2026 06:41
d9b876dc-9f70-44da-ae9c-c9e5ea67840e,combinations.forum,available,2.19,34.99,medium,low,12,namesilo,,,17/09/2026 17:12
886e0ed7-f74d-4766-8406-f511d109ba9d,meadows.forum,premium,640,640,medium,low,7,namesilo,,,29/09/2026 11:15
0795b0b2-ec02-4030-b9c4-6468d519f4e1,ovular.forum,available,1.8,49.98,medium,low,6,namecheap,,,04/09/2026 22:12
47d4644f-c516-44eb-a1e4-6761de498445,legacy.forum,premium,116,116,high,medium,6,namesilo,,,23/09/2026 09:05
bb4bbeb9-7b0b-44de-baae-15641e8041e0,predict.forum,premium,116,116,high,medium,7,namesilo,,,21/09/2026 03:41
80163482-adc5-49f3-a398-4653cf3e6310,manifest.forum,available,2.19,34.99,high,medium,8,namesilo,,,28/09/2026 07:45
cd97143b-e996-4c20-9876-abbda5259876,albite.forum,available,2.19,34.99,high,low,6,namesilo,,,18/09/2026 02:59
3eaa6bce-31b5-425b-b968-afaacdc77c62,trudy.forum,available,1.24,31.16,medium,low,5,spaceship,,,30/09/2026 21:14
a7ba3f0e-dd95-4d46-90c6-14bca3324776,god.forum,premium,103.7,103.7,high,medium,3,spaceship,,,29/09/2026 13:42
19aedc10-902a-45e2-ae7d-64688e764771,pendent.forum,available,1.8,49.98,medium,low,7,namecheap,,,08/09/2026 14:07
20c32693-e7a0-48ba-bd3e-f8a2e5d1c29e,footloose.forum,available,1.8,49.98,high,low,9,namecheap,,,18/08/2026 10:46
0c5e28ae-d650-4d06-b3ad-70494f26899e,terrific.forum,available,2.19,34.99,high,low,8,namesilo,,,25/09/2026 00:17
c5329606-459f-4494-89b5-58ef03b9ca5d,bitok.forum,available,1.8,49.98,medium,low,5,namecheap,,,23/09/2026 22:40
477dc791-f914-42a9-bbce-7e9fe36e6634,abasia.forum,available,2.19,34.99,medium,low,6,namesilo,,,16/09/2026 14:05
ad350c77-e388-440d-87c4-bb24fbf35159,charleston.forum,premium,437.5,,high,low,10,name.com,,,29/09/2026 07:20
eccbc2d2-ce0b-4950-9dc6-dcc9c44a8d8b,denis.forum,available,1.8,49.98,high,low,5,namecheap,,,25/09/2026 15:03
646896e7-f3b5-4495-ba15-f88e79290345,humbling.forum,available,1.8,49.98,medium,low,8,namecheap,,,14/08/2026 01:09
a453bbe2-e53c-4ba6-a611-b06f6d80359e,carole.forum,available,1.24,31.16,high,low,6,spaceship,,,30/09/2026 05:00
f6993442-455f-4314-9bd6-fc34dccb7917,rachel.forum,available,2.19,34.99,high,low,6,namesilo,,,25/09/2026 10:13
d923e459-0005-4e7e-84c7-65dd20543924,talladega.forum,available,1.24,31.16,medium,low,9,spaceship,,,29/09/2026 22:45
5b1b2256-5131-406e-abd7-53c210a01781,tailless.forum,available,1.8,49.98,medium,low,8,namecheap,,,05/08/2026 21:33
db253f3b-f84a-4ea4-9ccb-43a8f517e3bb,effect.forum,available,2.19,34.99,high,low,6,namesilo,,,29/09/2026 11:08
9a4ff1be-981d-4581-b0cb-36bec366979b,adsorption.forum,available,1.8,49.98,medium,low,10,namecheap,,,17/09/2026 10:05
abcdb925-a05d-4cad-a2af-347266ebb436,burnt.forum,premium,116,116,high,low,5,namesilo,,,23/09/2026 11:41
82097264-7533-402f-b407-8d11ee1d6653,myspace.forum,premium,87.5,,high,medium,7,name.com,,,
47a7bec1-8886-4cb6-a70e-c486b5e898e2,unlit.forum,premium,116,116,medium,low,5,namesilo,,,12/09/2026 13:03
446f401d-d664-4c14-8520-8f72c1982065,chromosome.forum,available,2.19,34.99,medium,low,10,namesilo,,,30/09/2026 09:09
7079edb8-eaf4-4c7c-adc0-f0e4723875ba,yoo.forum,premium,640,640,high,low,3,namesilo,,,30/09/2026 03:49
106254ab-d96a-408d-a3b4-24533a748dc9,clams.forum,premium,130,130,high,low,5,namecheap,,,24/09/2026 06:47
32c27970-0805-4021-8e53-a91bc6e067e9,harwich.forum,available,1.24,31.16,medium,low,7,spaceship,,,30/09/2026 21:05
34de906c-2a2e-4e2c-bcbc-8b674750937a,amaze.forum,premium,116,116,high,low,5,namesilo,,,21/09/2026 17:36
09908e16-5405-4acc-a054-c1dc31c69117,pondered.forum,available,2.19,34.99,medium,low,8,namesilo,,,18/09/2026 02:08
71820adc-9d86-4219-baef-2f0b345cfa47,banality.forum,available,1.8,49.98,medium,low,8,namecheap,,,12/08/2026 19:14
132103a7-83f9-49a3-9da3-c417553b9929,cooke.forum,available,1.8,49.98,high,low,5,namecheap,,,18/09/2026 06:21
630325d2-695f-469a-837f-29e184e1e31b,blackshirt.forum,available,2.19,34.99,medium,low,10,namesilo,,,24/09/2026 03:05
4e79ebcf-79c5-45c0-ab0c-a9bf09b81d27,superheroes.forum,available,1.8,49.98,medium,low,11,namecheap,,,21/09/2026 05:42
8d766315-445b-4cf2-a414-5c68ac16814a,initiation.forum,available,1.24,31.16,high,low,10,spaceship,,,29/09/2026 12:23
5e214c97-5af4-455b-b61b-75bef240057c,minty.forum,premium,87.5,125,high,low,5,name.com,,,25/08/2026 00:53
2c2f7b40-5f3f-4832-806e-723f7637acf7,atmospheric.forum,available,2.99,32.32,high,low,11,dynadot,,,29/09/2026 21:02
b7b56bb2-9b87-4d72-aa5e-810e88186885,virtual.forum,premium,116,116,high,medium,7,namesilo,,,01/10/2026 02:51
8088cc49-f65a-4860-b184-79a612db7e4a,juicy.forum,premium,437.5,625,high,low,5,name.com,,,18/08/2026 19:59
50513f19-7cac-4858-be8e-7633e3a1b0b1,babinski.forum,available,2.19,34.99,medium,low,8,namesilo,,,21/09/2026 12:44
03816b71-333f-4259-880e-f2a655bc4624,blackwash.forum,available,2.19,34.99,medium,low,9,namesilo,,,20/09/2026 15:47
93b9c85f-4624-42c7-976d-a0a8879243da,compton.forum,available,1.8,49.98,high,low,7,namecheap,,,20/09/2026 10:47
1ae68e7b-f4e3-49e7-9475-ff3eb5874527,subatomic.forum,available,1.8,49.98,medium,low,9,namecheap,,,10/09/2026 23:38
a3dd3d11-22b8-42d0-bd83-7c8113db75e4,unlabelled.forum,available,1.8,49.98,medium,low,10,namecheap,,,12/09/2026 14:33
247fa77d-ddd9-4f43-8be2-c39b9ff13308,defaults.forum,available,1.8,49.98,low,low,8,namecheap,,,21/09/2026 07:23
733ce48d-06e9-45fe-a078-f5e90d4db41d,brimless.forum,available,1.8,49.98,medium,low,8,namecheap,,,11/08/2026 04:13
5a3bafdb-09ee-4167-b2ec-5ab92823a62e,guts.forum,premium,103.7,103.7,high,low,4,spaceship,,,29/09/2026 21:51
a2dd6613-546b-460a-91d3-e4cefcd42024,soursop.forum,available,1.8,49.98,high,low,7,namecheap,,,19/09/2026 10:36
399d12c8-3d9c-4844-89a1-db6a28357857,fairfax.forum,available,1.8,49.98,high,low,7,namecheap,,,25/09/2026 15:13
ebb3e0a7-bc8a-4ec0-9d8a-b1febffe713c,extending.forum,available,1.24,31.16,medium,low,9,spaceship,,,29/09/2026 10:43
1ebae6b2-56bd-49eb-bd51-4e82a9a542da,faculties.forum,available,2.19,34.99,medium,low,9,namesilo,,,30/09/2026 22:50
954d8b78-52c4-457c-9aaf-d21f17d417d3,eliot.forum,premium,116,116,high,low,5,namesilo,,,25/09/2026 05:27
f255bcb3-3929-40b9-ba02-d0563f36c8ee,aris.forum,premium,,,high,low,4,,,,30/09/2026 03:35
a5433409-dc55-4a10-8f4a-f3c2e5752f02,limestone.forum,available,2.19,34.99,high,low,9,namesilo,,,30/09/2026 02:56
7771e19c-7e51-47d8-ad11-09a3312b8ca4,seeded.forum,available,1.8,49.98,high,low,6,namecheap,,,10/09/2026 01:43
64b81f38-8390-4c5c-a45c-f3aadeb3222e,campy.forum,premium,87.5,125,medium,low,5,name.com,,,11/08/2026 15:48
6527947e-185f-4e83-8098-fc967b943373,welcomed.forum,available,1.24,31.16,high,low,8,spaceship,,,29/09/2026 08:42
e45afedf-4a5f-4a69-a654-f0c76e7f3c78,idiocy.forum,available,1.8,49.98,medium,low,6,namecheap,,,18/09/2026 18:58
473dba35-1686-418e-bd06-501469a2674b,lip.forum,premium,640,640,high,low,3,namesilo,,,29/09/2026 00:19
7488e56c-59aa-471a-8f68-33cea284ead0,rages.forum,premium,87.5,125,low,low,5,name.com,,,20/09/2026 11:24
9fb024cc-3c1d-4689-991b-bd8feb93487e,okinawa.forum,available,2.19,34.99,high,low,7,namesilo,,,30/09/2026 10:39
d2b0062e-f580-4c29-87fd-c06246a77520,unbleached.forum,available,1.8,49.98,medium,low,10,namecheap,,,12/09/2026 02:04
0c6407c9-54c4-48de-bd03-492783d40d1e,jenks.forum,available,30.2,30.2,medium,low,5,cloudflare,,,30/09/2026 13:40
b61cec03-6680-44ed-a2f9-30b7f2feb817,edgerton.forum,available,1.24,31.16,medium,low,8,spaceship,,,30/09/2026 13:45
963e7cda-8411-4f07-9f10-3d02e3080079,pastry.forum,available,2.19,34.99,high,low,6,namesilo,,,29/09/2026 13:40
2c25b6d8-6677-4579-a307-c3a79866b86b,spiteful.forum,available,1.8,49.98,medium,low,8,namecheap,,,14/08/2026 04:20
9da0a9c8-3f21-4252-8394-5087c906471e,stockbridge.forum,available,2.99,32.32,high,low,11,dynadot,,,30/09/2026 05:42
be20b2c6-0ebf-4105-b39c-12f3df618f52,ambitions.forum,available,1.8,49.98,medium,low,9,namecheap,,,20/09/2026 04:21
041780cd-09fe-4d8b-b931-0848d1c5434e,shorter.forum,available,2.19,34.99,high,low,7,namesilo,,,27/09/2026 17:41
e20aa81b-b70d-4936-b91b-45ebff4faa2c,pub.forum,premium,437.5,,high,low,3,name.com,,,29/09/2026 20:50
f4efbb72-6077-4b1c-ba25-585ce77116b0,choirs.forum,available,2.19,34.99,medium,low,6,namesilo,,,17/09/2026 06:51
79cdc5a6-6da7-44c1-bc99-6a04a21d43f9,nest.forum,premium,517.7,517.7,high,medium,4,spaceship,,,29/09/2026 13:00
139a33bb-5880-4570-b7a4-54223b1e3ba5,defined.forum,premium,116,116,high,low,7,namesilo,,,24/09/2026 05:04
a7284d07-3742-40f6-a1fc-e4c566c455fb,verbose.forum,available,1.8,49.98,medium,low,7,namecheap,,,24/08/2026 09:27
1bad2673-6790-4496-bbb2-7c36c7bfb569,bezique.forum,available,2.19,34.99,medium,low,7,namesilo,,,23/09/2026 12:24
58545a98-4f93-420d-a6ee-a9b48f97291a,mealy.forum,premium,87.5,125,low,low,5,name.com,,,12/08/2026 14:05
86d08bdc-5064-4787-85a1-e1aae8d914ad,representing.forum,available,1.24,31.16,medium,low,12,spaceship,,,28/09/2026 11:27
3335e9f6-78ca-4dc6-bcc3-1ca1e7fab310,piffle.forum,available,1.8,49.98,medium,low,6,namecheap,,,21/09/2026 21:41
c5e93dec-eb03-4a52-90a3-f9046fed43e5,grandchildren.forum,available,1.8,49.98,medium,low,13,namecheap,,,
40ebd769-18c8-4220-9905-ae0b70a4eb0f,ease.forum,premium,640,640,high,low,4,namesilo,,,27/09/2026 13:14
9ba42fc2-31db-47f2-9091-cef1e92ead8c,decadent.forum,available,1.8,49.98,high,low,8,namecheap,,,13/08/2026 20:50
6c0e18b4-17ff-49da-8690-7b9b99263593,cerulean.forum,available,1.8,49.98,high,low,8,namecheap,,,08/08/2026 03:10
97141b1a-fede-4073-9aff-933f689bf96f,coalescent.forum,available,1.8,49.98,medium,low,10,namecheap,,,12/08/2026 13:51
3aef871f-a5cb-4d4c-95ea-2e022da41eb0,paralysis.forum,available,2.19,34.99,high,low,9,namesilo,,,29/09/2026 13:39
0f9f46e6-f3db-4c57-a8b9-73c5c20bc1e9,ezra.forum,premium,103.7,103.7,high,low,4,spaceship,,,28/09/2026 18:27
a1f1ba67-6167-4f52-b427-83adba6132c9,ghz.forum,premium,76.94,109.69,high,low,3,porkbun,,,27/09/2026 13:41
e74063f7-b51d-4439-9bff-6e3a8584d640,tricuspid.forum,available,1.8,49.98,medium,low,9,namecheap,,,11/09/2026 19:29
2a1d58ce-4ed4-43b0-a789-3a05ea204da3,amanuensis.forum,available,2.19,34.99,medium,low,10,namesilo,,,18/09/2026 15:49
4c13ba8a-3365-421f-baf2-891595379f04,builds.forum,available,30.2,30.2,medium,low,6,cloudflare,,,28/09/2026 17:56
7d72b985-5687-4b66-8152-88203fba36d9,thou.forum,premium,116,116,medium,low,4,namesilo,,,21/09/2026 11:11
3e4b1cf8-6f01-449f-b8fb-9a3eb158c0d0,actuarial.forum,available,1.8,49.98,medium,low,9,namecheap,,,
b8960167-cc27-45ee-b814-7abc258fedaf,invisible.forum,premium,116,116,high,low,9,namesilo,,,25/09/2026 08:03
46de2f49-5565-4816-87c9-62141a130d84,containers.forum,available,2.19,34.99,medium,low,10,namesilo,,,19/09/2026 01:32
fb50ba0b-3f83-4f29-90bd-702b7bd19e76,neurological.forum,available,2.99,32.32,medium,low,12,dynadot,,,29/09/2026 16:30
1a0403cf-7da9-424f-baee-78fe71603ec6,transcription.forum,available,2.19,34.99,medium,low,13,namesilo,,,29/09/2026 23:27
8bf8c273-4742-4c68-9bb8-b230eba09663,packs.forum,premium,130,130,medium,low,5,namecheap,,,20/09/2026 13:29
19c7fe43-93d5-412c-ab8e-bc0fb9c6541a,leeds.forum,premium,116,116,high,low,5,namesilo,,,29/09/2026 13:17
b3a82b33-8697-4f77-96b8-18697529179c,fatigue.forum,available,1.8,49.98,high,low,7,namecheap,,,25/09/2026 11:36
8aef3915-359a-408a-b579-e40f2a7534c5,atomic.forum,premium,116,116,high,medium,6,namesilo,,,22/09/2026 11:03
a825ec0c-426c-475d-b9a3-01d595baa9c0,wrinkled.forum,available,1.8,49.98,medium,low,8,namecheap,,,12/09/2026 13:50
ab63eaa4-0dd6-42d8-a2f6-4d600aba80fb,branches.forum,available,2.19,34.99,medium,low,8,namesilo,,,28/09/2026 17:02
6b379361-1e52-48e8-875a-6168a416450c,sickish.forum,available,1.8,49.98,low,low,7,namecheap,,,03/09/2026 14:05
d0ff1a89-7193-4888-a190-b04e03bfd6e9,wheeled.forum,available,1.8,49.98,high,low,7,namecheap,,,13/09/2026 11:20
854388ce-78de-4ed5-afa4-6097e2232ae5,vogt.forum,premium,130,130,medium,low,4,namecheap,,,29/09/2026 04:21
b3bb1443-15bb-45fd-84aa-8fce0c58c2c2,hie.forum,premium,130,130,medium,low,3,namecheap,,,09/09/2026 19:49
2c4c41f3-acce-4ecd-933f-3c01e0dc2cbc,insurance.forum,premium,640,640,high,medium,9,namesilo,,,29/09/2026 23:58
13ccd94c-5907-4177-a7dc-10e6fd295753,sgt.forum,premium,116,116,high,low,3,namesilo,,,27/09/2026 06:19
4449cce6-423d-40ea-92bf-34b784608adc,boiler.forum,available,1.8,49.98,high,low,6,namecheap,,,28/09/2026 13:34
95c3e6b6-3b2f-4732-ac94-a37c6d80246e,misplaced.forum,available,1.8,49.98,medium,low,9,namecheap,,,25/08/2026 01:32
13403506-1d17-4e22-89f0-9a346e35f9d6,ayrshire.forum,available,1.8,49.98,high,low,8,namecheap,,,21/09/2026 10:44
66cb77f6-b122-4bdf-9a5e-f290f6447acd,taken.forum,premium,116,116,high,low,5,namesilo,,,25/09/2026 10:20
d8611fd0-08c3-40d5-a578-cb721e888e02,align.forum,premium,130,130,high,low,5,namecheap,,,30/09/2026 03:12
ce3a994b-ce29-4932-b6ab-54b8398940e4,bass.forum,premium,87.5,125,high,low,4,name.com,,,22/09/2026 18:00
981ca1f6-2043-4131-a776-7c33c40a97c5,pregnancy.forum,available,2.19,34.99,high,low,9,namesilo,,,28/09/2026 02:22
5dfc92a0-0ed6-474f-bfd2-0a84040a060e,theresa.forum,available,1.8,49.98,high,low,7,namecheap,,,17/09/2026 18:43
d6ac0123-fcc4-48df-8d79-f64f0c418dab,cca.forum,premium,116,116,high,low,3,namesilo,,,29/09/2026 03:53
3ef064a3-22ec-4dc4-8d20-e1f9585b875b,genie.forum,premium,650,650,high,high,5,namecheap,,,30/09/2026 01:20
830e9748-4506-41b8-a9f0-50d9156d204b,liquors.forum,available,2.19,34.99,medium,low,7,namesilo,,,20/09/2026 06:24
d5270df2-e478-4ae9-88c0-7dc0136089dc,negotiable.forum,available,1.8,49.98,high,low,10,namecheap,,,07/08/2026 06:30
3544dead-1790-4018-87f6-a84231e5dee3,secretary.forum,available,2.19,34.99,high,low,9,namesilo,,,25/09/2026 22:37
02179c1f-924e-4423-8d4c-2ddc5b5d0f3d,freeborn.forum,premium,87.5,125,high,low,8,name.com,,,18/08/2026 14:53
f682c9bf-9e9d-433a-b8a1-da7e6623acd3,comer.forum,available,1.8,49.98,medium,low,5,namecheap,,,20/09/2026 09:17
71a5ca52-4e57-4682-8992-1920d59612cb,gandhi.forum,available,1.8,49.98,high,low,6,namecheap,,,29/09/2026 20:38
76327d9d-178f-4fb7-8c1b-387fa95a870d,baneberry.forum,available,1.8,49.98,medium,low,9,namecheap,,,22/09/2026 01:43
7fb8417d-c061-44c5-830b-9078d9e1d353,romanian.forum,available,1.8,49.98,high,medium,8,namecheap,,,09/09/2026 18:27
5ffa0681-8a2e-4df5-8568-c8431da1b393,appreciative.forum,available,1.99,,high,low,12,name.com,,,
845b2b6d-4ccb-4586-8c2c-f9dbecba38c5,cometic.forum,available,1.8,49.98,medium,low,7,namecheap,,,12/08/2026 18:58
b6f6d7e3-9dde-4b46-a309-b53d046e2efb,creditable.forum,available,1.8,49.98,high,low,10,namecheap,,,13/08/2026 05:54
aaa90ad2-a616-420a-befe-fc54210c9e67,blunt.forum,premium,325,325,high,low,5,namecheap,,,22/09/2026 23:15
720f9dc5-65a5-4982-9854-5f89b7419f87,wolfbane.forum,available,2.19,34.99,medium,low,8,namesilo,,,17/09/2026 02:09
8ade0f31-ee25-4225-b566-b83144d1dda5,possibilities.forum,available,1.8,49.98,medium,low,13,namecheap,,,16/09/2026 10:01
708746f0-f87e-4c4c-b072-515b44bffe39,undisputed.forum,available,1.8,49.98,high,low,10,namecheap,,,12/09/2026 05:02
94a6fcf4-fe41-4451-abaa-bbf08d17f1e2,seizure.forum,available,1.24,31.16,medium,low,7,spaceship,,,29/09/2026 00:20
03cc71c6-3465-4d49-bc51-709c421a5a86,absorption.forum,available,1.8,49.98,high,low,10,namecheap,,,16/09/2026 18:19
49e71e7a-0587-4112-b48e-128758dbfc0c,bauxite.forum,available,2.19,34.99,medium,low,7,namesilo,,,22/09/2026 16:42
d26c51ed-3662-418c-ac69-4aabc48fb7e4,unbranded.forum,available,1.8,49.98,medium,low,9,namecheap,,,12/09/2026 04:29
4825a507-d8f8-4602-ab62-4daa158b0db2,vegan.forum,premium,640,640,high,medium,5,namesilo,,,30/09/2026 14:24
ab353fef-8866-4b03-b983-838f67a71cee,beneficiary.forum,available,2.99,32.32,high,low,11,dynadot,,,30/09/2026 03:53
0805f8f8-fab0-4f28-9733-8d630dce4e58,size.forum,premium,640,640,high,low,4,namesilo,,,27/09/2026 22:17
6ef40cad-7d39-402c-8b1c-e2f5232d81e3,lamb.forum,premium,116,116,high,low,4,namesilo,,,27/09/2026 03:31
9c92fe78-6400-4138-80f4-b76aaecad7f2,konrad.forum,available,1.54,31.41,medium,low,6,porkbun,,,28/09/2026 12:53
482d747a-0564-4f71-a965-8121f8819e5d,agouti.forum,available,1.8,49.98,medium,low,6,namecheap,,,17/09/2026 19:07
2182bbdb-f7ed-48de-9b01-5a6f3121d4a6,cherbourg.forum,available,1.24,31.16,medium,low,9,spaceship,,,30/09/2026 09:08
ceb99294-8314-49d6-be66-851cd871b9c7,olin.forum,available,2.19,34.99,medium,low,4,namesilo,,,29/09/2026 04:10
f74ab7b4-47ec-4c39-869c-60b33efafed8,aqueduct.forum,available,2.19,34.99,high,low,8,namesilo,,,19/09/2026 23:10
47d5c186-2b93-4a14-b788-b6f8a77798cf,toto.forum,premium,640,640,high,high,4,namesilo,,,30/09/2026 12:43
de5fd305-e8be-48c3-ae93-9eda11496eb6,regret.forum,available,30.2,30.2,high,low,6,cloudflare,,,30/09/2026 09:24
6afe69fa-1513-4d7e-94f6-681ff21e51ff,synovial.forum,available,1.8,49.98,medium,low,8,namecheap,,,11/09/2026 06:37
d4ba3c90-ab9f-422c-a797-6e0bad523ead,element.forum,premium,130,130,high,low,7,namecheap,,,30/09/2026 21:09
4851f4ad-c79f-4233-9569-11030e13b1cf,saintly.forum,available,1.8,49.98,high,low,7,namecheap,,,
899789dc-12e0-48d7-9651-60bf72691c79,alphonse.forum,available,2.19,34.99,medium,low,8,namesilo,,,28/09/2026 21:53
2285bd36-94f4-4fb1-80ae-3da29db58235,otherwise.forum,available,2.19,34.99,high,low,9,namesilo,,,26/09/2026 00:41
284c7636-436a-40d1-90ad-a617c3dddeb2,homologous.forum,available,1.8,49.98,medium,low,10,namecheap,,,21/08/2026 12:58
48680f2c-2ecb-4505-aeff-b28d38d9fe36,jawed.forum,premium,87.5,125,medium,low,5,name.com,,,22/08/2026 12:32
6d2d340f-6b34-4165-ae65-40e1b413867a,admirable.forum,available,2.19,34.99,high,low,9,namesilo,,,21/09/2026 18:46
1dfdd497-48c8-49c3-bd0d-c6f5d7ca2897,behold.forum,available,1.24,31.16,high,low,6,spaceship,,,28/09/2026 15:34
83da82c0-e080-4f72-9c37-b7ff539c9da0,kettle.forum,premium,130,130,medium,low,6,namecheap,,,28/09/2026 19:37
b4119ecf-6f46-48e7-adae-e70682b0d25d,mega.forum,premium,640,640,high,medium,4,namesilo,,,30/09/2026 23:43
061225c8-8de5-490b-8a25-bf8f9de78613,faecal.forum,available,1.8,49.98,medium,low,6,namecheap,,,17/08/2026 20:36
51818739-2542-430b-bb86-48d527023abf,catherine.forum,available,2.19,34.99,high,low,9,namesilo,,,25/09/2026 04:07
c3c4c784-79b3-4eda-891b-27d78c279f90,goldfish.forum,available,1.8,49.98,high,low,8,namecheap,,,24/09/2026 12:44
28d16012-5116-446d-95f4-f86fed38f201,aconitum.forum,available,2.19,34.99,medium,low,8,namesilo,,,17/09/2026 02:06
17f743da-a216-4b8e-863d-858ab413cd55,holes.forum,premium,87.5,,medium,low,5,name.com,,,
12f83c84-6171-466e-87af-7752cadec109,cockle.forum,available,1.8,49.98,medium,low,6,namecheap,,,12/09/2026 08:38
39b1bf4f-129c-4110-88fa-7b789d228bd5,affirmative.forum,available,1.54,31.41,high,low,11,porkbun,,,30/09/2026 22:02
dc499c2f-a2c0-46fc-a4a0-8411f51a7750,sniff.forum,premium,116,116,high,low,5,namesilo,,,30/09/2026 11:21
f73b20ef-2be4-464f-9f95-4ca8e4da5ce9,bns.forum,premium,116,116,high,low,3,namesilo,,,21/09/2026 14:15
e2a60754-766f-457a-a840-72762c82a73e,itinerant.forum,available,1.8,49.98,high,low,9,namecheap,,,22/08/2026 11:41
081200f2-24b6-4deb-a127-595e39fe92f0,grantee.forum,available,2.19,34.99,high,low,7,namesilo,,,18/09/2026 07:39
f59477be-09b2-4811-9892-fd52dd1a1abe,calamitous.forum,available,1.8,49.98,medium,low,10,namecheap,,,11/08/2026 13:28
50adfd86-62b2-4197-aee9-7652f0f2b273,rebels.forum,available,30.2,30.2,medium,low,6,cloudflare,,,28/09/2026 08:52
793b59f2-4132-4774-aad6-accfaa8f1685,conditioning.forum,available,30.2,30.2,high,low,12,cloudflare,,,28/09/2026 12:54
e210470b-e753-41c3-bbe6-facff80b0e30,ahriman.forum,available,2.19,34.99,medium,low,7,namesilo,,,17/09/2026 20:33
6867d7f5-68fe-4fa3-9d94-2aab9adce1ed,lasers.forum,available,30.2,30.2,medium,low,6,cloudflare,,,30/09/2026 07:44
a1156903-cab0-454d-8a90-0c4ec328424f,occurrent.forum,available,1.8,49.98,medium,low,9,namecheap,,,04/09/2026 00:18
e912b28a-ca4f-4f59-ba9e-67bc61c84dce,adherence.forum,available,2.19,34.99,high,low,9,namesilo,,,17/09/2026 07:58
d739b0a2-9253-4a8f-9a46-3909b2132c34,concert.forum,premium,116,116,high,low,7,namesilo,,,30/09/2026 13:35
518fab50-7a30-45df-8df1-87738b5a6903,darrell.forum,available,1.24,31.16,low,low,7,spaceship,,,28/09/2026 13:15
611a09e5-2654-4849-ace1-12b863e28dec,upwardly.forum,available,1.8,49.98,medium,low,8,namecheap,,,12/09/2026 22:57
da25747f-c92e-411f-8b0a-94b93de151d1,catching.forum,available,1.8,49.98,high,low,8,namecheap,,,11/08/2026 21:16
29282c4e-be41-4aa4-ba77-5567fdd628ae,delegation.forum,available,1.8,49.98,high,low,10,namecheap,,,24/09/2026 21:32
e1a758f8-178c-4454-9616-cb89cdcf7dd3,wyoming.forum,premium,1035.2,1035.2,high,low,7,spaceship,,,29/09/2026 06:48
6de296c8-1473-4f9f-aefb-9e9c520c00fd,boardwalk.forum,available,2.99,32.32,high,low,9,dynadot,,,30/09/2026 08:21
7d7843cd-519d-49c3-9f53-f852a859970c,runner.forum,available,2.19,34.99,high,low,6,namesilo,,,21/09/2026 22:22
fdc9da15-da59-4097-8a00-f955287687d6,berkelium.forum,available,2.19,34.99,medium,low,9,namesilo,,,21/09/2026 00:14
29aa05b6-e04d-4e91-a402-532c107eb873,planets.forum,available,2.19,34.99,high,low,7,namesilo,,,18/09/2026 11:12
faa03522-9131-4f3a-80e3-a183019340fd,activate.forum,available,2.19,34.99,high,low,8,namesilo,,,28/09/2026 06:46
d73ca5ba-1cd8-4d36-abbc-c2efbf476a28,asphyxia.forum,available,1.8,49.98,medium,low,8,namecheap,,,20/09/2026 15:10
cd91428d-fc7e-45e5-9479-794a6a2dce98,duet.forum,premium,517.7,517.7,high,low,4,spaceship,,,29/09/2026 18:31
502f681e-e425-422c-a76d-23915d6c7bc6,cleanser.forum,available,2.19,34.99,high,low,8,namesilo,,,24/09/2026 15:26
df7b0253-de6a-4cb7-9266-484a6bf9d926,thready.forum,available,1.8,49.98,medium,low,7,namecheap,,,18/08/2026 04:08
ced4e251-4831-491d-8b71-4ba132a7661b,rightish.forum,available,1.8,49.98,medium,low,8,namecheap,,,09/09/2026 17:35
9c44b522-7bb4-4d99-a8c0-3f2c8a82d880,combat.forum,premium,130,130,high,low,6,namecheap,,,24/09/2026 18:08
a63725a0-67fd-4578-8016-2003f5bb538c,kingly.forum,available,1.8,49.98,high,low,6,namecheap,,,22/08/2026 16:17
97a7b2a6-d9b9-483e-82e7-3991a263888f,eddie.forum,available,1.99,,high,low,5,name.com,,,
cb717079-85f1-4ee2-8a21-9d7fd6b1d4a3,regimented.forum,available,1.8,49.98,high,medium,10,namecheap,,,09/09/2026 12:55
7226df9a-1d58-497f-8859-b2a7b4ce5937,folding.forum,available,1.8,49.98,high,low,7,namecheap,,,24/09/2026 20:52
02592dd8-bafc-4bc4-960e-42cfd4e58d6d,airbrush.forum,available,2.19,34.99,high,low,8,namesilo,,,17/09/2026 23:00
5cf9ef11-74f4-4db0-8c66-5a98cf4474a9,pier.forum,premium,130,130,high,low,4,namecheap,,,28/09/2026 06:35
ac2440d5-483d-40c0-9af8-e387833c19ba,commentate.forum,available,1.8,49.98,high,low,10,namecheap,,,30/09/2026 17:26
b48fe653-f87b-40c0-8dec-cb448ad297c3,ambled.forum,available,2.19,34.99,medium,low,6,namesilo,,,20/09/2026 05:58
0e687987-832a-47a2-8ad7-f332f7ef2c8e,preferred.forum,available,1.8,49.98,high,low,9,namecheap,,,09/08/2026 17:53
48c5da38-4560-4c9e-8123-ffc5c3e9880e,spine.forum,premium,103.7,103.7,high,low,5,spaceship,,,28/09/2026 17:17
36e58063-d532-45fc-bcb1-0e68197e7680,reunite.forum,available,30.2,30.2,high,low,7,cloudflare,,,01/10/2026 04:25
7f257ab2-85dc-4976-9a21-476e85f54068,jolted.forum,available,1.8,49.98,medium,low,6,namecheap,,,22/08/2026 13:55
abcacdc2-c55b-405c-a4e1-61c913423e30,tillable.forum,available,1.8,49.98,medium,low,8,namecheap,,,06/08/2026 11:25
5a05354a-7916-42e5-9f68-3b57d90386e9,peckish.forum,available,1.8,49.98,medium,low,7,namecheap,,,22/08/2026 10:23
a6b39276-6eca-4e57-b89b-cab04dd932fe,exclusively.forum,available,1.99,,medium,low,11,name.com,,,
2dae79f6-93e9-4424-b611-4f4e94f1e1c3,junior.forum,available,2.19,34.99,high,low,6,namesilo,,,25/09/2026 12:12
4aab95d3-52f2-4a70-9bb3-41867961ab35,asylum.forum,premium,130,130,high,low,6,namecheap,,,20/09/2026 18:37
7721070c-804c-4ea4-a8a6-91ab164e0286,ara.forum,premium,640,640,high,low,3,namesilo,,,19/09/2026 23:23
a8273e21-edd7-4b86-8810-75eaef0ccbe7,flavor.forum,available,30.2,30.2,high,low,6,cloudflare,,,28/09/2026 14:12
75ae75e9-7631-47d9-ac3f-5998f12977a4,sable.forum,premium,87.5,125,high,low,5,name.com,,,14/08/2026 23:11
9923b34c-4caf-4403-b45b-4a999c0343ca,lesbians.forum,available,1.24,31.16,medium,low,8,spaceship,,,29/09/2026 17:48
44a2a299-1020-4e0d-b4db-5ca814ef8961,airless.forum,available,1.8,49.98,medium,low,7,namecheap,,,
6f0d81b6-cfbb-4ada-a9e2-26b87a149714,look.forum,premium,325,325,high,low,4,namecheap,,,24/09/2026 21:51
9b85f244-b99c-4fb1-acd4-dd744a513cf4,nicaraguan.forum,available,1.8,49.98,medium,low,10,namecheap,,,03/09/2026 17:03
60932b36-9316-46b6-8d70-728019e1dee3,vanilla.forum,premium,87.5,125,high,low,7,name.com,,,13/09/2026 01:08
a21741c6-8cbb-4d1f-967a-f491605b4ea8,proxy.forum,premium,76.94,109.69,high,medium,5,porkbun,,,30/09/2026 02:30
0261db4d-bf94-4005-a1e6-90de3c8c8348,bud.forum,premium,517.7,517.7,high,low,3,spaceship,,,29/09/2026 04:58
bef31b94-312a-4889-8143-192b75dfa14b,bargainer.forum,available,2.19,34.99,high,low,9,namesilo,,,22/09/2026 05:32
4bdd0dc6-0a0b-47bc-92ac-4f37c2bd2d3b,cantala.forum,available,2.19,34.99,medium,low,7,namesilo,,,17/09/2026 16:42
10268553-81ec-4f0e-b818-fc3556ee8f0a,moore.forum,available,2.19,34.99,high,low,5,namesilo,,,27/09/2026 13:11
2d72b1ae-0f74-4987-86a0-91f32dc9c45e,freud.forum,premium,116,116,medium,low,5,namesilo,,,28/09/2026 09:49
e5d9fa93-a324-4985-ad8d-bca889077b78,loath.forum,premium,87.5,125,medium,low,5,name.com,,,24/08/2026 08:17
f34e6ca3-f9f8-4efc-9d85-d264a030abff,flattering.forum,available,1.8,49.98,high,low,10,namecheap,,,18/08/2026 06:57
8699f223-1d2e-4ccf-92e4-4f79f814f0c1,fragrant.forum,available,1.8,49.98,high,low,8,namecheap,,,18/08/2026 14:03
69f0ba04-47ae-4a36-aba9-4a578ff3aba5,for.forum,premium,2660,2660,high,medium,3,namesilo,,,30/09/2026 22:00
918792cf-36e1-4e8e-a808-6f7b2647a0dc,mlb.forum,premium,,,high,medium,3,,,,29/09/2026 09:28
0bff3293-431a-4a70-9e25-617533df7e97,roi.forum,premium,103.7,103.7,high,low,3,spaceship,,,30/09/2026 10:11
889886b0-bbef-4919-95f7-eab6f838ed3e,peaches.forum,premium,103.7,103.7,medium,low,7,spaceship,,,29/09/2026 11:22
ac5bcc64-4c80-4c19-8b48-5516719f49d8,azores.forum,available,2.19,34.99,medium,low,6,namesilo,,,17/09/2026 02:13
b5997440-0cfd-4cb2-ac32-aecc28beb80a,broiled.forum,available,1.8,49.98,medium,low,7,namecheap,,,11/08/2026 05:19
68a77119-186f-496f-9612-47b599d2659e,laguna.forum,premium,103.7,103.7,high,low,6,spaceship,,,30/09/2026 10:22
82218446-a212-4aee-9fb8-b431e0677b1b,meteoric.forum,available,1.8,49.98,high,low,8,namecheap,,,24/08/2026 21:53
50b6f582-2272-4b1b-befb-c331ecbc5af0,blackfish.forum,available,1.8,49.98,medium,low,9,namecheap,,,24/09/2026 01:55
b76c8382-c2f7-4ffc-8f70-b4b74d91d70d,roughdried.forum,available,1.8,49.98,high,medium,10,namecheap,,,09/09/2026 18:59
f353f193-2eac-48aa-ba0f-f77988dfd8de,foliate.forum,available,1.8,49.98,high,low,7,namecheap,,,18/08/2026 10:15
9a94672f-f345-4915-8166-0c1f55b131ef,beasts.forum,available,1.24,31.16,low,low,6,spaceship,,,28/09/2026 23:05
dc0a7c47-d5f7-433b-9e24-513e34423a67,rival.forum,premium,116,116,high,low,5,namesilo,,,28/09/2026 05:26
c5c93f3f-bc2f-42cc-ab3b-8024caa7fa61,egyptians.forum,available,2.19,34.99,medium,low,9,namesilo,,,30/09/2026 07:12
5ee25734-5eb8-4304-9251-1e6820cb6d82,connected.forum,available,1.8,49.98,high,medium,9,namecheap,,,19/09/2026 11:24
9636fb99-e117-4101-acfd-abc5acb54a80,mistreated.forum,available,1.8,49.98,medium,low,10,namecheap,,,21/08/2026 19:35
ac868a55-c7d2-47ef-82e2-235fe291b916,insular.forum,available,1.8,49.98,medium,low,7,namecheap,,,22/08/2026 07:38
fa4a54b4-8533-462a-9f60-fd15724cacef,stunting.forum,available,2.19,34.99,medium,low,8,namesilo,,,17/09/2026 12:54
47c82131-cc4d-4906-8ac9-c5ae2203e838,sodden.forum,available,1.8,49.98,medium,low,6,namecheap,,,10/09/2026 13:24
d68597ec-69f3-4935-951a-f8e5284490cd,preventive.forum,available,2.19,34.99,high,low,10,namesilo,,,23/09/2026 22:24
e8ebac27-cc52-4f92-856c-efaa812c17cd,posts.forum,premium,116,116,high,low,5,namesilo,,,19/09/2026 00:49
59304736-935d-404d-9829-5a193181276a,transylvania.forum,premium,76.94,109.69,high,low,12,porkbun,,,27/09/2026 18:35
ee165482-1e3f-4ecd-b3e8-203eaf7c3780,unlined.forum,available,1.8,49.98,medium,low,7,namecheap,,,12/09/2026 14:54
cf88f77a-df80-46ea-874b-4448ee30194a,veteran.forum,available,1.24,31.16,high,low,7,spaceship,,,28/09/2026 10:15
560245dd-43f6-4fbe-90a0-8658ff01aef7,jessie.forum,available,2.19,34.99,high,low,6,namesilo,,,25/09/2026 11:53
6f45a313-7eaf-4340-a5bd-2c87f303b139,uptill.forum,available,1.8,49.98,low,low,7,namecheap,,,16/09/2026 20:20
bafe6f65-bfee-4f4d-90d0-53720a524d79,hands.forum,premium,116,116,high,low,5,namesilo,,,08/09/2026 04:01
8696129e-b939-410a-a031-52349a5cf8d8,emeer.forum,premium,130,130,medium,low,5,namecheap,,,18/09/2026 18:00
1e5de407-e96a-447a-bb65-f43ec95a38ae,carr.forum,premium,130,130,high,low,4,namecheap,,,29/09/2026 14:27
b634b707-0423-4a52-b743-bdd79d6ec5dd,finds.forum,premium,116,116,high,low,5,namesilo,,,18/09/2026 15:38
11217bdb-949e-4713-b5a3-ac13423e8770,stockings.forum,available,2.19,34.99,medium,low,9,namesilo,,,17/09/2026 08:14
40d82b99-31d8-4230-a33a-f8a49ac6975f,preserving.forum,available,30.2,30.2,high,low,10,cloudflare,,,30/09/2026 12:12
0e319716-72a9-410c-a62d-b4ed876b6b9b,plodding.forum,available,1.8,49.98,medium,low,8,namecheap,,,08/09/2026 21:17
8a5f8f3b-e583-45b0-8dbd-b44c7f01bda5,deleted.forum,available,1.24,31.16,medium,low,7,spaceship,,,29/09/2026 21:19
4c6b1ce0-f956-4bd0-bf88-ad93d1e80dfc,sikorsky.forum,available,1.24,31.16,high,low,8,spaceship,,,30/09/2026 17:41
02d0fce1-4b71-4846-b076-acee186a036f,uttermost.forum,available,1.8,49.98,high,low,9,namecheap,,,17/08/2026 22:44
288756bb-1cc1-418d-8e05-5c534d2cc6a3,pepys.forum,available,1.24,31.16,medium,low,5,spaceship,,,30/09/2026 18:18
de0afc73-11e2-46ad-80aa-ffb35de38425,thinner.forum,available,2.99,32.32,high,low,7,dynadot,,,29/09/2026 06:40
eac5d269-3500-4445-891a-deefa206f2ea,xiv.forum,premium,130,130,high,low,3,namecheap,,,21/09/2026 11:42
e819f062-0123-4c9b-ae1e-8becf2f3aae7,belts.forum,premium,103.7,103.7,medium,low,5,spaceship,,,28/09/2026 09:04
9873fa8b-eb21-4d58-88a8-d3426d452567,keaton.forum,available,1.24,31.16,medium,low,6,spaceship,,,30/09/2026 00:55
f22c7800-f5a0-4770-896a-ab39d34be8f5,ghastly.forum,available,1.8,49.98,medium,low,7,namecheap,,,12/08/2026 02:39
ab1ef7f7-6e89-4aae-9bfc-d9f3424fe30d,beauchamp.forum,available,2.19,34.99,low,low,9,namesilo,,,29/09/2026 05:52
47717a23-75e5-4704-a3d2-2672eed0f4d6,spik.forum,premium,116,116,high,medium,4,namesilo,,,10/09/2026 15:33
c1cdc94e-8256-483d-b21e-ed053c80cccb,bacterium.forum,available,1.8,49.98,medium,low,9,namecheap,,,21/09/2026 16:30
a5ac04d8-0af1-4b53-9864-60e1b899d6c3,coup.forum,premium,103.7,103.7,high,low,4,spaceship,,,29/09/2026 18:30
78dc880e-9c15-495b-9fca-40c7adb1e2d9,inhabitants.forum,available,30.2,30.2,medium,low,11,cloudflare,,,29/09/2026 23:30
f3f55b33-7bb3-43bf-878f-0cdf748c1948,fry.forum,premium,437.5,625,high,low,3,name.com,,,25/08/2026 00:16
e35eb07a-e253-45e1-87ea-2d4aa13a572c,myoid.forum,premium,116,116,low,low,5,namesilo,,,03/09/2026 12:10
e77d852f-93e9-4d33-a041-bbefc4033bd4,bellying.forum,available,1.8,49.98,low,low,8,namecheap,,,09/08/2026 13:37
3a4fa552-fc7f-4ad1-80be-666d03f1e69b,mesial.forum,available,1.8,49.98,medium,low,6,namecheap,,,24/08/2026 21:08
16ac3c42-5cef-48ed-a8bf-94bd1c558971,beyond.forum,premium,110,110,high,medium,6,dynadot,,,28/09/2026 13:28
20c3fd10-a6ba-48ce-ab86-bde33802621a,chloe.forum,premium,640,640,high,medium,5,namesilo,,,27/09/2026 07:17
6ba690a1-2815-4377-81bc-6532b41cad69,moonless.forum,available,1.8,49.98,medium,low,8,namecheap,,,25/08/2026 05:54
191087b7-a228-4491-ba76-00fb66db558b,wrong.forum,premium,116,116,high,low,5,namesilo,,,25/09/2026 07:41
998779e7-5efd-4e03-ab7f-135ab8be8baf,war.forum,premium,640,640,high,low,3,namesilo,,,26/09/2026 00:24
7c8d1b28-3c61-4d04-a42a-daaa53a4a054,peoria.forum,premium,116,116,high,low,6,namesilo,,,27/09/2026 04:58
e69df6fa-3760-400d-834b-6c5789c5e3eb,civilised.forum,available,1.8,49.98,high,low,9,namecheap,,,12/08/2026 09:08
f00b8e25-2f3a-4cab-81e6-f40e550e3c8e,fisherman.forum,available,1.24,31.16,high,low,9,spaceship,,,28/09/2026 05:43
bb85bea2-3e20-4723-9ed0-c7e027399863,volume.forum,available,2.19,34.99,high,low,6,namesilo,,,30/09/2026 03:23
b9aee6a5-ab9c-46c3-b802-c97e1530609d,intention.forum,available,1.8,49.98,high,low,9,namecheap,,,22/08/2026 07:55
200311e4-ee9a-4ccc-ba7d-7dc0a8604267,debating.forum,available,2.99,32.32,high,low,8,dynadot,,,29/09/2026 05:52
c8445976-3dbf-4f94-ad53-4b275817d9ed,overnight.forum,available,2.19,34.99,high,low,9,namesilo,,,22/09/2026 00:44
25d9a984-d2af-4567-a857-16406bc6ef83,toothbrush.forum,available,1.24,31.16,high,low,10,spaceship,,,01/10/2026 03:46
e27d87e8-babb-4ce7-ac0b-aaa3da052804,organizing.forum,available,2.19,34.99,high,low,10,namesilo,,,18/09/2026 13:01
0e8e5b70-be80-4949-aca7-cb250789287c,fuentes.forum,available,2.19,34.99,high,low,7,namesilo,,,29/09/2026 11:52
433fb8c1-422a-4ba0-b593-eee5af8b9ea6,monatomic.forum,available,1.8,49.98,medium,low,9,namecheap,,,25/08/2026 04:12
34d10268-9683-4851-b29f-63a3fcbca385,complain.forum,available,2.19,34.99,high,low,8,namesilo,,,27/09/2026 03:57
f5f89cd6-2ee6-49bb-a46c-07e1d349e100,alnus.forum,premium,116,116,medium,low,5,namesilo,,,18/09/2026 12:53
08cd28cf-74bb-41d4-8fcf-435cb406e153,klondike.forum,available,1.24,31.16,high,low,8,spaceship,,,30/09/2026 17:48
1157d98f-4453-4b1b-aebe-ae40df3f022d,reporting.forum,available,2.19,34.99,high,low,9,namesilo,,,30/09/2026 09:52
5a6cb47f-9b0d-40ff-8a61-a44156326719,corregidor.forum,available,1.99,44.99,medium,low,10,name.com,,,22/09/2026 13:13
f18c72f1-d591-492e-95bd-c27a0d286b7c,clock.forum,premium,218.75,,high,low,5,name.com,,,29/09/2026 10:09
e5f6d08b-366a-412e-9a66-88bb16c6227e,kwhr.forum,premium,116,116,high,low,5,namesilo,,,21/09/2026 11:57
e232d57a-2e35-4b3e-84bc-a7be1ff8630c,bight.forum,premium,130,130,medium,low,5,namecheap,,,23/09/2026 15:12
8cad91ed-66b8-4b3b-b356-edd33e753339,pets.forum,premium,116,116,low,low,4,namesilo,,,28/09/2026 08:51
76a77cdc-6744-41a8-a0b4-e4137b449f04,chainlike.forum,available,1.8,49.98,medium,low,9,namecheap,,,11/08/2026 21:34
2cea9a8c-dd35-4c04-8fa7-1bf8ac54fbde,flecked.forum,available,1.8,49.98,medium,low,7,namecheap,,,14/08/2026 16:30
0643a565-b288-4ef1-ac6d-b566b4d1bcf5,accredited.forum,available,2.19,34.99,high,low,10,namesilo,,,21/09/2026 15:54
2bf4baa0-7d0e-4f40-ad01-61a1ff25f36b,etc.forum,premium,437.5,,high,low,3,name.com,,,
27f574d9-a93c-41fa-98f3-7e61d7e9f335,bette.forum,available,2.19,34.99,medium,low,5,namesilo,,,29/09/2026 15:28
6eaaa050-85c0-4f57-8262-8df1b1b59243,smiling.forum,available,1.24,31.16,high,low,7,spaceship,,,27/09/2026 23:05
2e46bae9-fb0c-4d88-8be2-ffd4da2b2dc7,bremer.forum,available,30.2,30.2,high,low,6,cloudflare,,,30/09/2026 04:16
41fabf3d-066c-45e3-8cb5-0df5728aafca,muddy.forum,premium,87.5,125,high,low,5,name.com,,,10/08/2026 17:08
7869c1de-0ff0-4172-aa9f-bd366b858eae,invaders.forum,available,30.2,30.2,medium,low,8,cloudflare,,,30/09/2026 00:36
3920b436-47c6-465e-bc6b-78b08adbfde7,rimy.forum,premium,116,116,medium,low,4,namesilo,,,09/09/2026 17:41
e53c609a-b69b-45ca-ba98-8a9212d20e93,proving.forum,available,30.2,30.2,high,low,7,cloudflare,,,28/09/2026 11:26
e0390d73-4e7a-4acb-8c6e-72cb5819b7ca,snaps.forum,premium,116,116,medium,low,5,namesilo,,,18/09/2026 11:55
6c94f752-8f20-4fa3-976b-5928047d9df8,bedbug.forum,available,2.19,34.99,medium,low,6,namesilo,,,22/09/2026 22:45
cd8c6773-2963-4aac-a52b-32d25b9e71bb,gaffer.forum,available,1.8,49.98,medium,low,6,namecheap,,,
f60050e2-186b-44db-b07a-bfff9f56769e,reunions.forum,available,2.19,34.99,medium,low,8,namesilo,,,21/09/2026 08:16
54464aa8-838a-4c4e-b6f9-7aac691ae874,alarmingly.forum,available,1.8,49.98,low,low,10,namecheap,,,13/09/2026 18:33
162a120a-9606-4b9a-8bf0-e43d0a6a12dd,avidness.forum,available,2.19,34.99,medium,low,8,namesilo,,,21/09/2026 09:29
a07f5b57-1882-46df-9da3-5350183a07ec,equipping.forum,available,2.19,34.99,medium,low,9,namesilo,,,20/09/2026 07:13
be22a567-aa27-4c55-a5bd-0171470be507,clapper.forum,available,1.8,49.98,medium,low,7,namecheap,,,19/09/2026 20:51
48ff6ef7-b16f-4b02-aa3c-f9bf724fbaf5,currents.forum,available,2.99,32.32,medium,low,8,dynadot,,,29/09/2026 17:16
4599f8fd-89c4-4b68-9667-2031b3d1cf9f,cucumber.forum,available,1.24,31.16,high,low,8,spaceship,,,29/09/2026 12:58
10115cf0-6a32-4321-81e3-910ae12fccec,variable.forum,available,1.24,31.16,high,low,8,spaceship,,,28/09/2026 10:08
2661e0ff-464e-4f98-bbf8-7f06b23f36c0,gregarious.forum,available,1.8,49.98,high,low,10,namecheap,,,20/08/2026 19:56
2abce993-be45-49d3-a35b-ce1b231154e9,pancreas.forum,available,2.19,34.99,high,low,8,namesilo,,,30/09/2026 06:22
b3bada8c-37bf-46cb-8413-ea4111f63282,chas.forum,available,1.24,31.16,medium,low,4,spaceship,,,28/09/2026 21:45
fec555e7-a3d5-4a83-941e-386d62214e33,ruler.forum,premium,130,130,high,low,5,namecheap,,,28/09/2026 10:51
1da87a7c-93d0-43d7-9507-c59b02f9835f,mandy.forum,available,2.19,34.99,medium,low,5,namesilo,,,28/09/2026 17:34
43dd2ee0-ed2c-457a-bfd6-42ee1ee89d44,seaweed.forum,available,2.19,34.99,high,low,7,namesilo,,,30/09/2026 02:49
69897943-d09c-4e3c-bb3e-4d1d1ff05a5e,condense.forum,available,2.19,34.99,high,low,8,namesilo,,,30/09/2026 17:42
512edf2c-9abf-46f0-a0a3-3162241d5298,arabs.forum,premium,103.7,103.7,medium,low,5,spaceship,,,29/09/2026 11:16
c6f44431-bec8-49b9-a1ce-52be52bc0e4f,petty.forum,available,1.8,49.98,high,low,5,namecheap,,,24/09/2026 17:49
680b6838-8058-4269-af05-8a89f6bd56ce,apocalypse.forum,available,1.8,49.98,medium,low,10,namecheap,,,19/09/2026 18:10
4c05b120-60de-4ef7-82e7-699efe10c110,ornamental.forum,available,1.8,49.98,high,low,10,namecheap,,,13/08/2026 02:53
d2b7b66c-d4de-431f-9e5e-60ab31f44b58,galactic.forum,available,1.8,49.98,high,low,8,namecheap,,,18/08/2026 19:35
6c1d185d-2083-4c81-a017-3dd3f559f4bc,skag.forum,premium,116,116,medium,low,4,namesilo,,,23/09/2026 14:39
aa2ff918-8ce4-4b60-9716-1ae5ccd6da2a,roaming.forum,available,30.2,30.2,high,low,7,cloudflare,,,30/09/2026 23:48
14ed9587-2ac4-403d-bce8-74bb31e94535,distinctions.forum,available,1.8,49.98,medium,low,12,namecheap,,,20/09/2026 03:54
68ce41f6-4549-4032-8b01-b62b2095a2ed,idiopathic.forum,available,1.8,49.98,medium,low,10,namecheap,,,21/08/2026 18:09
3dcb5183-2f45-4f94-9728-c855b8d4142d,zodiacal.forum,available,1.8,49.98,medium,low,8,namecheap,,,13/09/2026 15:23
d215e0c3-416a-4f11-94f0-2625263d1623,tragicomic.forum,available,1.8,49.98,medium,low,10,namecheap,,,11/09/2026 18:46
0219573b-8d10-426a-90e7-d496b57bf566,reynolds.forum,premium,640,640,high,low,8,namesilo,,,25/09/2026 10:19
04925698-16c6-4a92-8c23-6ca5fe634e71,discursive.forum,available,1.8,49.98,medium,low,10,namecheap,,,14/08/2026 06:00
e9c7a225-272f-4325-86d4-201782b400b9,gustative.forum,available,1.8,49.98,medium,low,9,namecheap,,,20/08/2026 21:08
35a83c37-0e6a-43f4-a5ac-71ac9864f853,populate.forum,available,1.8,49.98,high,low,8,namecheap,,,24/08/2026 07:48
99355785-b9ad-41e6-9ef1-f904705eac76,embark.forum,available,2.99,32.32,high,low,6,dynadot,,,29/09/2026 20:34
a7974037-8804-46f1-aa0f-df9a379ea12a,ran.forum,premium,640,640,high,low,3,namesilo,,,25/09/2026 12:35
1665b711-c37a-4bbf-ab49-ee5bc917f562,berm.forum,premium,116,116,medium,low,4,namesilo,,,23/09/2026 09:41
4b95f01f-dfa3-42de-bb36-8ddbf61770fe,dances.forum,available,1.99,,high,low,6,name.com,,,
9e957481-ad65-479d-9c65-80afbe247989,sot.forum,premium,87.5,125,medium,low,3,name.com,,,14/08/2026 20:22
4823c66e-380a-4b36-8537-317f1e9edef4,alca.forum,premium,116,116,high,low,4,namesilo,,,18/09/2026 03:36
4a74d612-9bfb-4c6f-b359-7ed700dcb27c,trunk.forum,premium,116,116,high,low,5,namesilo,,,21/09/2026 07:24
9e1cd9cb-ef8d-445d-bd5c-378df7008c54,attempting.forum,available,30.2,30.2,medium,low,10,cloudflare,,,28/09/2026 12:29
b01464a5-9d52-45ce-874b-d3ec73848342,spectre.forum,premium,116,116,high,low,7,namesilo,,,08/09/2026 18:42
8bf5515f-fa24-4e1d-99a8-88da0e20dc8a,besotted.forum,available,1.8,49.98,medium,low,8,namecheap,,,09/08/2026 15:27
99f8031a-01cd-48b1-996f-1561e001b82f,isabelle.forum,available,2.19,34.99,high,low,8,namesilo,,,28/09/2026 07:42
4aba6bfa-8918-409e-ada8-b9de8ef92fa8,curative.forum,available,1.8,49.98,high,low,8,namecheap,,,22/09/2026 02:19
009531ee-97cc-4b27-a1e6-e5c986ee0d33,kenaf.forum,premium,116,116,medium,low,5,namesilo,,,23/09/2026 16:55
c832b6f6-d202-4635-9751-b58de82a486e,learns.forum,available,1.8,49.98,high,low,6,namecheap,,,20/09/2026 05:46
7b4ef557-b45d-484e-9c01-09296d68eb95,clamp.forum,premium,116,116,medium,low,5,namesilo,,,24/09/2026 15:19
b8142441-9133-40fb-90cb-931ff5264bd8,hydrated.forum,available,1.8,49.98,high,low,8,namecheap,,,21/08/2026 16:16
f0cf68d1-1ca9-4340-b843-6bff3711496b,accomplished.forum,available,2.19,34.99,high,low,12,namesilo,,,30/09/2026 21:49
87b8baee-c91f-45a8-b03f-4ec8020d7bdb,cartridge.forum,available,30.2,30.2,medium,low,9,cloudflare,,,29/09/2026 18:14
46c6942e-cb6f-417a-8c8c-8320f8fef96b,peanuts.forum,available,30.2,30.2,high,low,7,cloudflare,,,28/09/2026 02:53
ef9533e4-c3d1-49cf-95a7-d8bd0aaaa069,sphingine.forum,available,1.8,49.98,medium,medium,9,namecheap,,,10/09/2026 15:32
4d9fd06c-26bb-4891-8dee-0ae0a5a8a4a1,springer.forum,premium,640,640,high,low,8,namesilo,,,01/10/2026 03:51
4a5a4913-d84d-469b-8071-04d93d759163,ceremonies.forum,available,1.24,31.16,medium,low,10,spaceship,,,29/09/2026 10:36
ce3c3053-a3c4-439a-bf89-bc99efbab840,anagoge.forum,available,2.19,34.99,medium,low,7,namesilo,,,19/09/2026 01:27
7fd3919c-58c4-48fe-999e-254607f380e2,acherontic.forum,available,1.8,49.98,medium,low,10,namecheap,,,
ce440b24-ae5e-4bc0-8363-b38e947fef2d,advantage.forum,premium,103.7,103.7,high,low,9,spaceship,,,28/09/2026 18:56
1e9f4c0f-dd17-4d33-b040-e9d5e34eff1d,hoarfrost.forum,available,1.8,49.98,medium,low,9,namecheap,,,21/08/2026 10:07
303f2053-e291-4ae9-8533-bff4e8fb72d4,impervious.forum,available,1.8,49.98,medium,low,10,namecheap,,,21/08/2026 22:19
9f91ae52-8290-49c7-afea-45f420d3872f,incubator.forum,available,2.19,34.99,high,low,9,namesilo,,,30/09/2026 08:50
7a627f8b-8edf-4586-84d0-75f482921dbd,sabbatical.forum,available,1.8,49.98,high,low,10,namecheap,,,09/09/2026 20:30
528dcb77-85ab-4102-adef-b5c1b79fc82b,reviewing.forum,available,2.19,34.99,high,low,9,namesilo,,,29/09/2026 08:58
fa266689-428b-43c0-b52c-4ec581984cf2,hara.forum,available,1.8,49.98,medium,low,4,namecheap,,,30/09/2026 13:49
e77c402c-bc21-4b61-83e4-4fd00b5ae4b6,dita.forum,premium,640,640,medium,low,4,namesilo,,,18/09/2026 14:25
65f7748b-5bf9-4767-a1cd-4736d92c5fa1,sparely.forum,available,1.8,49.98,medium,low,7,namecheap,,,16/09/2026 05:49
d23a1b10-e65c-4969-8c15-4894d1f26ad3,vibrate.forum,available,1.24,31.16,high,low,7,spaceship,,,30/09/2026 20:16
4eef2109-2048-4da1-a676-0b72a0b71be8,believers.forum,available,30.2,30.2,high,low,9,cloudflare,,,30/09/2026 13:58
d57f3e6f-227f-4eb2-ad75-bdace0129ea9,animist.forum,available,1.8,49.98,medium,low,7,namecheap,,,
a473e758-36cd-4bf1-92cb-c66578183a10,versed.forum,premium,116,116,high,low,6,namesilo,,,13/09/2026 04:29
0d8b7ec8-f5a8-4e17-86de-df11612d0f47,bubbly.forum,premium,87.5,125,high,low,6,name.com,,,11/08/2026 07:16
6b943284-e77f-4e17-b471-e28f5a222623,dumpy.forum,premium,87.5,125,medium,low,5,name.com,,,14/08/2026 21:10
3d71bc9c-7a8a-4f09-a064-85cea6c56993,indicating.forum,available,1.24,31.16,medium,low,10,spaceship,,,29/09/2026 10:48
f6af7d7a-32e4-4983-be74-d795c672363c,bearish.forum,available,1.8,49.98,medium,low,7,namecheap,,,09/08/2026 04:48
ce4bb212-91c8-44e1-b55a-335c72a46cdd,abolition.forum,available,2.19,34.99,high,low,9,namesilo,,,16/09/2026 16:28
23a61314-eb54-4445-bbaa-a8aabd52b917,capillary.forum,available,1.8,49.98,high,low,9,namecheap,,,11/08/2026 17:53
fb9efad2-af13-4b81-8b88-01bfefc1ac2c,sidon.forum,available,1.24,31.16,medium,low,5,spaceship,,,30/09/2026 18:35
e3459a1e-9bdb-46a2-a2cf-2d782da92b67,kaufman.forum,available,1.8,49.98,medium,low,7,namecheap,,,25/09/2026 22:56
6d3250c3-51f8-4dee-8e91-382ee9040862,priority.forum,premium,116,116,high,low,8,namesilo,,,19/09/2026 12:40
43404b03-68a1-4e99-b050-ca1f2894c83c,mccormick.forum,available,2.19,34.99,high,low,9,namesilo,,,25/09/2026 04:30
b1006bc5-30cf-4ed2-b802-e563110ef19b,nicolson.forum,available,30.2,30.2,medium,low,8,cloudflare,,,01/10/2026 02:25
84320f7d-96c9-4d37-a7f1-f07850a73fb6,ranted.forum,available,2.19,34.99,low,low,6,namesilo,,,20/09/2026 16:55
f7f8ab2b-7d20-4f47-a0f8-68bd7f776e89,xinjiang.forum,available,1.8,49.98,medium,low,8,namecheap,,,28/09/2026 20:28
e3bbaec1-3f12-4e35-aa37-286851bbcb75,gonzalez.forum,available,1.8,49.98,high,low,8,namecheap,,,25/09/2026 16:13
912d4a5e-b005-4eae-a842-be5a8d36ba89,reassuring.forum,available,1.8,49.98,high,low,10,namecheap,,,09/09/2026 11:14
f5bfea77-6569-4e08-b3bc-dde515a07169,landwards.forum,available,1.8,49.98,medium,low,9,namecheap,,,15/09/2026 10:41
0cedea10-a973-4d5e-8053-b3d889114917,ratty.forum,premium,87.5,125,medium,low,5,name.com,,,25/08/2026 06:53
b1e1583a-6468-4cce-b525-2c951e56392f,keenness.forum,available,2.19,34.99,high,low,8,namesilo,,,21/09/2026 09:30
ead96b74-9612-4ad2-809c-6cb4a944cd40,since.forum,premium,103.7,103.7,high,low,5,spaceship,,,30/09/2026 22:14
2cc42090-1bd8-4807-8d4d-b27ff54d903e,guy.forum,premium,1107,1107,high,low,3,namesilo,,,24/09/2026 02:27
e4e4551c-181a-4ee6-935c-35f842d651ca,deutscher.forum,available,1.24,31.16,high,low,9,spaceship,,,29/09/2026 08:39
d3cb0fbb-15ac-4bf0-973e-51c25c45ddf5,veiled.forum,available,1.8,49.98,medium,low,6,namecheap,,,13/09/2026 01:50
efdb36ee-5dea-4546-b7f9-e8ee8da84a28,accurate.forum,available,2.19,34.99,high,low,8,namesilo,,,21/09/2026 15:59
768618da-478e-4909-b156-ca2d4cc5e77f,kipling.forum,premium,,,high,medium,7,,,,29/09/2026 01:27
5cd6c02e-2749-469f-baa1-f8d6c88da253,symptom.forum,available,2.99,32.32,high,low,7,dynadot,,,29/09/2026 08:12
c3a2e789-32b5-4191-ae2d-7bd3ab9bf8c4,baobab.forum,available,2.19,34.99,medium,low,6,namesilo,,,17/09/2026 06:21
3f39358e-dc5b-4519-a13c-2312d4714253,equations.forum,available,2.19,34.99,medium,low,9,namesilo,,,18/09/2026 12:39
56dbc389-a801-44bb-b323-f0ae15c44cf8,mckay.forum,available,2.19,34.99,high,low,5,namesilo,,,25/09/2026 16:25
20769a0c-f191-4400-80e3-bcaffeab9f91,ramirez.forum,available,2.19,34.99,medium,low,7,namesilo,,,28/09/2026 08:04
982cc64a-1be7-438d-a1c1-ac455309f640,tomato.forum,available,2.19,34.99,high,low,6,namesilo,,,30/09/2026 03:31
bc22912d-8714-4457-b205-7aa3ecaab2ac,adequacy.forum,available,1.8,49.98,high,low,8,namecheap,,,17/09/2026 07:43
83462b9e-d8a0-46e3-a85e-9a522a84fc0f,shriek.forum,available,1.8,49.98,medium,low,6,namecheap,,,09/09/2026 23:53
00b1f6b7-5220-4dbc-943f-757f3085f27d,census.forum,available,1.8,49.98,high,low,6,namecheap,,,24/09/2026 13:32
389cc78e-4248-4d2f-b0f2-ef96dcf8a56f,augury.forum,available,1.8,49.98,medium,low,6,namecheap,,,21/09/2026 03:41
162cfd77-ee5f-4df3-8718-e713dd15dd8b,activating.forum,available,1.8,49.98,high,low,10,namecheap,,,
402c6633-9681-4506-b505-b75d395bb295,caller.forum,available,1.8,49.98,high,low,6,namecheap,,,11/08/2026 14:28
47714730-5432-4027-af01-0148c6bfb4b7,williamstown.forum,available,1.24,31.16,medium,low,12,spaceship,,,29/09/2026 22:48
92ace606-4399-4fc5-bc7a-ccca74881e9d,unselfish.forum,available,1.8,49.98,high,low,9,namecheap,,,12/09/2026 19:16
22986860-2edd-45a1-8846-889be20f3bde,colleague.forum,available,2.19,34.99,high,low,9,namesilo,,,24/09/2026 16:08
a2dad720-0d73-4eab-b48f-a05064a35a82,lesions.forum,available,1.8,49.98,low,low,7,namecheap,,,30/09/2026 07:01
5a2ca865-85cc-4234-a4e3-e51cbb1baadd,paltry.forum,available,1.8,49.98,medium,low,6,namecheap,,,24/08/2026 18:25
6832b9be-b135-4e0a-ad3d-b095ff019e1c,overarching.forum,available,1.24,31.16,high,low,11,spaceship,,,30/09/2026 20:07
e00fdae6-4f0f-4084-a265-240ab175c2df,genes.forum,premium,110,110,medium,low,5,dynadot,,,28/09/2026 07:05
793f97ab-d775-493a-8b70-4115ba13adb2,albescent.forum,available,1.8,49.98,medium,low,9,namecheap,,,
bb6a99cd-d8b7-49f1-b4fb-4cd981b5af00,sars.forum,available,30.2,30.2,medium,low,4,cloudflare,,,29/09/2026 20:17
34b31ae5-378b-4c04-822d-1d17e03f3b26,drs.forum,premium,,,medium,low,3,,,,28/09/2026 22:08
c2bff2e1-0694-4277-b4da-59869789e8dc,winning.forum,available,2.19,34.99,high,low,7,namesilo,,,24/09/2026 17:37
ad54917f-c34b-4bcc-aef5-6d2b9e5e2e17,leverage.forum,available,2.19,34.99,high,low,8,namesilo,,,29/09/2026 01:34
a1b04c12-d925-4930-b01d-9ecb6b84f1c4,honourable.forum,available,1.8,49.98,high,low,10,namecheap,,,21/08/2026 13:34
ee787908-f2c9-4c1d-a03f-2c77b6d0cbd8,ciao.forum,premium,640,640,high,low,4,namesilo,,,18/09/2026 13:10
cf58e105-02c4-4755-b5f1-276fbfc9b445,airfield.forum,available,2.19,34.99,high,low,8,namesilo,,,17/09/2026 23:09
efb37677-a401-4f05-9e34-e74f9cc80116,tasteless.forum,available,1.8,49.98,medium,low,9,namecheap,,,11/09/2026 09:02
411ec82a-37d4-4d53-9c24-edc27ad0cc73,esthete.forum,available,2.19,34.99,medium,low,7,namesilo,,,17/09/2026 13:35
c12e52c7-44c0-442a-8790-08157d18ca70,detector.forum,available,2.19,34.99,high,low,8,namesilo,,,24/09/2026 21:49
9900be9d-95be-4cfc-8784-741fa4243ef1,longhand.forum,available,1.8,49.98,high,low,8,namecheap,,,13/08/2026 11:38
a0dd13c9-80d9-4112-a845-a120a54a5228,decreasing.forum,available,1.8,49.98,high,low,10,namecheap,,,13/08/2026 22:12
8fced42e-370d-412c-b565-bf67bf3b1e26,portuguese.forum,available,2.19,34.99,high,low,10,namesilo,,,25/09/2026 15:43
33248c03-9cd5-4fcc-9612-19a0a6bf744e,animation.forum,available,2.19,34.99,high,low,9,namesilo,,,18/09/2026 08:09
424322fa-7834-4545-aca4-9990a97d9599,prowess.forum,available,2.19,34.99,high,low,7,namesilo,,,20/09/2026 11:56
03eeb3c6-6663-4640-8d12-2819f53dbdd3,montagu.forum,premium,116,116,medium,low,7,namesilo,,,20/09/2026 13:56
58485ff8-cd73-4e36-a734-d915e12adb7c,plosive.forum,available,1.8,49.98,medium,low,7,namecheap,,,04/09/2026 00:16
eab90b58-1898-411e-b014-bf4cbc286873,lastly.forum,available,2.19,34.99,medium,low,6,namesilo,,,28/09/2026 15:27
1af49107-7f4c-40da-aa18-f55eb91f2756,thompson.forum,premium,640,640,high,low,8,namesilo,,,23/09/2026 08:26
0505b563-f70e-4b3e-823b-3d2ab9bc9cda,rootbound.forum,available,1.8,49.98,medium,low,9,namecheap,,,09/09/2026 00:46
b903be61-f988-4e33-b71e-b2466cc0c7c8,windshield.forum,available,1.24,31.16,high,low,10,spaceship,,,29/09/2026 14:08
cbfca532-9752-4372-9443-8fc87766fef9,undreamed.forum,available,1.8,49.98,medium,low,9,namecheap,,,12/09/2026 08:22
b8622a24-b917-4551-b3bf-fa54662caf5c,palpitant.forum,available,1.8,49.98,medium,low,9,namecheap,,,05/09/2026 00:17
29ed03db-d2f5-4901-aa02-842a9df2d0ef,selfish.forum,available,30.2,30.2,medium,low,7,cloudflare,,,27/09/2026 19:59
04bf1ab4-627b-43de-8787-39a6dc75a2a8,gabriel.forum,available,2.19,34.99,high,medium,7,namesilo,,,28/09/2026 05:49
230e5c8e-231a-4a11-82a5-595dfe7bbc11,famished.forum,available,1.8,49.98,medium,low,8,namecheap,,,17/08/2026 13:41
264352ba-f1cb-4ac4-91ea-d22ebcd4bff7,accessory.forum,available,1.24,31.16,high,low,9,spaceship,,,28/09/2026 15:37
6041ff6e-2d29-4615-96d6-eebe94f1e98a,roast.forum,premium,103.7,103.7,high,low,5,spaceship,,,27/09/2026 15:46
47165049-eca5-40b6-b863-ad8e17e3e1b2,shang.forum,premium,103.7,103.7,medium,low,5,spaceship,,,28/09/2026 20:25
a767e2cd-5467-4dc9-84ef-78fe42126e8d,naif.forum,premium,116,116,medium,low,4,namesilo,,,03/09/2026 12:52
ad2316d0-18fa-4939-9475-eba0f864c1cb,custodian.forum,available,2.99,32.32,high,low,9,dynadot,,,30/09/2026 16:52
59661cd8-a324-4da1-b4b8-c7d6b1753a8d,brassiere.forum,available,2.19,34.99,high,low,9,namesilo,,,22/09/2026 01:02
024731d5-e70c-4848-96e5-7bba2697cab7,bermudian.forum,available,1.8,49.98,medium,low,9,namecheap,,,09/08/2026 15:15
9c48a140-cbb6-4585-91c8-1426931a4848,callahan.forum,available,30.2,30.2,medium,low,8,cloudflare,,,28/09/2026 08:05
6b59b53f-b447-4f66-a540-9e693d8711ee,attendance.forum,available,2.19,34.99,high,low,10,namesilo,,,21/09/2026 01:23
537fe2dd-d22b-4fe3-a15b-5d4c7bdb9840,dakar.forum,premium,550,550,high,low,5,dynadot,,,29/09/2026 06:52
1571aa76-fe50-4c14-8d48-d339a1727821,dives.forum,premium,87.5,,high,low,5,name.com,,,
307a2b8c-47c1-4a59-9822-2b3ccb96af62,puppy.forum,premium,110,110,high,low,5,dynadot,,,27/09/2026 15:27
c245310f-b376-441a-913e-2032532abf94,gibbous.forum,available,1.8,49.98,medium,low,7,namecheap,,,13/08/2026 07:44
e1ea02f8-1854-4ada-b727-9b73f18aa4ee,smilax.forum,available,2.19,34.99,medium,low,6,namesilo,,,20/09/2026 14:41
ec48f5fb-5610-4d17-ab07-55f56fb2f8e9,agent.forum,resell,,,high,medium,5,"Spaceship, Inc.",22/05/2025 12:13,22/05/2027 12:13,26/09/2026 01:26
816d1098-43f9-43ba-b21b-cc814205858d,inimitable.forum,available,1.8,49.98,high,low,10,namecheap,,,22/08/2026 05:23
f917bdf5-7dd7-4d90-8e08-9c6353025095,corpses.forum,available,2.99,32.32,low,low,7,dynadot,,,28/09/2026 23:15
da2fb0a6-8747-49bb-a1d0-48d2e3e3e2c8,worrisome.forum,available,1.8,49.98,medium,low,9,namecheap,,,14/08/2026 13:21
40bbede5-95f9-4c34-acca-9b2949642820,railroads.forum,available,1.8,49.98,medium,low,9,namecheap,,,30/09/2026 07:33
e4b275b7-6dd0-4b59-897d-cf2d6fe44c89,erection.forum,available,1.8,49.98,high,low,8,namecheap,,,29/09/2026 00:49
1b3dab5b-48e5-446d-a9bc-27468c2fba27,staffordshire.forum,available,2.99,32.32,medium,low,13,dynadot,,,28/09/2026 11:53
00ff36d0-5221-4349-9947-929fe8f52573,plundered.forum,available,1.8,49.98,medium,low,9,namecheap,,,24/08/2026 09:47
4c1c9af5-dec2-46b3-a0c5-da3f65dd1775,lock.forum,premium,116,116,high,low,4,namesilo,,,29/09/2026 23:33
800c080c-e25b-4592-b4ac-066b7585964c,alexia.forum,available,2.19,34.99,medium,low,6,namesilo,,,18/09/2026 06:04
b0f82ebb-9007-4f67-9b9c-571d6736d7df,testis.forum,available,2.19,34.99,medium,low,6,namesilo,,,21/09/2026 22:59
3898cc15-5594-4601-9fb3-fa25ec05e813,eyetooth.forum,available,1.8,49.98,medium,low,8,namecheap,,,11/08/2026 16:59
69ccd1fc-ff99-4338-93f4-0a0e4531705d,nonmetric.forum,available,1.8,49.98,medium,low,10,namecheap,,,03/09/2026 18:30
2467529f-b8e0-4b3f-9586-a41ed211c896,autolytic.forum,available,1.8,49.98,medium,low,9,namecheap,,,07/08/2026 20:42
01c04e6e-1c70-4911-a8a3-d0e0362a3eea,cleaning.forum,premium,87.5,125,high,low,8,name.com,,,12/08/2026 10:25
e0bc7718-94c8-4a08-a3a9-466ee4c85a23,bahraini.forum,available,1.8,49.98,medium,low,8,namecheap,,,08/08/2026 08:36
a768319b-3bfd-4d80-a054-7f14d21b1ee2,embarrassed.forum,available,2.19,34.99,medium,low,11,namesilo,,,27/09/2026 06:32
e42c3bed-4ce2-4bef-8af7-662b3c07018e,chic.forum,premium,875,1250,high,low,4,name.com,,,12/08/2026 04:40
a81ba703-9318-4844-a213-c4a41c986463,fast.forum,premium,1107,1107,high,medium,4,namesilo,,,24/09/2026 04:50
b66ba0b5-e684-45f1-aac0-760c8b7e7936,adscript.forum,available,1.8,49.98,medium,low,8,namecheap,,,
a5b91301-fa45-4879-92ed-178ecf2dee60,jument.forum,available,1.8,49.98,medium,low,6,namecheap,,,22/09/2026 21:27
62e0924d-15a9-46bf-85f0-dde91b3e3924,lineage.forum,available,1.8,49.98,high,low,7,namecheap,,,08/09/2026 13:04
e8b737ff-c1ca-4836-b3bc-c54da0a3c1ba,pegs.forum,premium,116,116,medium,low,4,namesilo,,,20/09/2026 09:49
75d456df-9b25-4b6f-a03d-ba3025ca5d77,mountains.forum,available,1.8,49.98,medium,low,9,namecheap,,,17/09/2026 17:48
159648c4-4d7e-473f-b49a-901fe897df05,majors.forum,available,1.8,49.98,high,low,6,namecheap,,,23/09/2026 14:46
439d3de0-6628-4211-a193-48cab7cf96d6,roofed.forum,available,1.8,49.98,high,medium,6,namecheap,,,09/09/2026 18:33
9011a20c-09c2-4f1b-93b7-43a7ce085598,beefsteak.forum,available,2.19,34.99,high,low,9,namesilo,,,23/09/2026 01:15
63b18cdc-36b8-459d-b131-bcde7e515136,definitive.forum,available,1.8,49.98,high,low,10,namecheap,,,12/08/2026 09:45
15a9be73-4b15-4c1c-9dcd-6d18c82a020b,unsinkable.forum,available,1.8,49.98,medium,low,10,namecheap,,,12/09/2026 19:58
f098f3f3-cfa4-4d90-85a6-bfc4db128d1a,jokes.forum,premium,130,130,high,low,5,namecheap,,,25/09/2026 11:35
dcc17629-626e-40f4-953b-0288bfd0d40b,regulated.forum,available,1.8,49.98,high,low,9,namecheap,,,09/09/2026 13:06
1fffb9e5-e63f-423a-8821-a7666660a152,chatterer.forum,available,1.8,49.98,high,low,9,namecheap,,,21/09/2026 12:24
bda6d8f0-6cee-45cc-915f-1efebce23858,ferny.forum,premium,87.5,125,medium,low,5,name.com,,,18/08/2026 02:00
4b4168db-2fec-42d5-9e36-bb960472855b,wolff.forum,available,1.99,44.99,high,low,5,name.com,,,25/09/2026 23:22
47287799-202a-4554-b83c-ad6115ea56cd,timeless.forum,premium,116,116,high,low,8,namesilo,,,11/09/2026 16:02
38d41e6f-48f3-4da9-a256-3b2c81070548,gusty.forum,premium,87.5,125,medium,low,5,name.com,,,20/08/2026 21:10
f8ea8824-6392-4f8f-92a0-bed273044a63,hungerford.forum,available,1.24,31.16,medium,low,10,spaceship,,,30/09/2026 15:42
26e36665-d6fe-4090-8b14-37b46fce25c0,soup.forum,premium,1035.2,1035.2,high,low,4,spaceship,,,30/09/2026 11:33
2f873356-0eb2-4676-b87e-7c81865c5e64,crinoid.forum,available,1.8,49.98,medium,low,7,namecheap,,,13/08/2026 06:58
3571c916-819a-4b66-88e9-02d877c568ba,navigate.forum,available,1.54,31.41,high,low,8,porkbun,,,28/09/2026 20:45
477a41d6-72dd-42ec-81c8-b8428f2d5c41,subsidized.forum,available,1.8,49.98,high,low,10,namecheap,,,11/09/2026 00:46
14bc1dac-35b2-4557-970c-7ece62519c96,carousing.forum,available,1.8,49.98,medium,low,9,namecheap,,,08/08/2026 04:24
b0f00eb7-6f11-4cf8-a13a-20f86bdad669,annals.forum,available,1.8,49.98,high,low,6,namecheap,,,19/09/2026 10:05
16643883-16a2-4072-be8b-9dacba0d7561,sightseeing.forum,available,30.2,30.2,high,low,11,cloudflare,,,30/09/2026 14:59
a4e6b968-b50f-41d3-b7ef-0583ed5c22f3,pitched.forum,available,1.8,49.98,high,medium,7,namecheap,,,08/09/2026 20:03
d56ee3ca-f558-47a3-83a2-b979075e83c9,dong.forum,premium,116,116,medium,low,4,namesilo,,,28/09/2026 14:32
1aa5d0db-0561-424d-8a50-8e4791acf545,murderers.forum,available,2.19,34.99,low,low,9,namesilo,,,28/09/2026 23:41
77c66c9f-3fa6-4f85-a9c7-ea8069d724f5,goldilocks.forum,available,2.19,34.99,high,low,10,namesilo,,,20/09/2026 17:03
1d1fdcbb-663e-455f-96ec-3efe640c76dd,musical.forum,available,1.8,49.98,high,low,7,namecheap,,,25/09/2026 19:12
6e338f45-a30a-4959-bf6b-4a105d8c3d65,reticently.forum,available,1.8,49.98,medium,low,10,namecheap,,,15/09/2026 23:31
75c8f1db-95f5-4542-be6c-16847162aa38,allamanda.forum,available,1.8,49.98,medium,low,9,namecheap,,,18/09/2026 09:50
b3eeb13e-d6ef-41cd-8e94-d5d6cfb8ceaf,gillespie.forum,available,2.19,34.99,high,low,9,namesilo,,,25/09/2026 04:55
cd98adbd-3830-4516-bb07-7b43243b620e,adsorbent.forum,available,1.8,49.98,medium,low,9,namecheap,,,
1eb5036f-dfb3-4787-944b-a9d1a942ee52,begetter.forum,available,2.19,34.99,medium,low,8,namesilo,,,23/09/2026 02:08
a83b1e28-2a63-4d4a-b3a0-005f86ba5f57,regina.forum,premium,640,640,high,low,6,namesilo,,,29/09/2026 13:45
0c689b08-8dd5-49cb-868a-6d9f108e7b88,ahmedabad.forum,premium,116,116,medium,low,9,namesilo,,,30/09/2026 13:11
69ec7a39-2c9b-4d27-b857-49fe36e53ccc,hinault.forum,available,2.19,34.99,medium,low,7,namesilo,,,23/09/2026 09:48
7cf1b806-db40-43af-a4db-fc2e641cc948,ailing.forum,available,1.8,49.98,high,low,6,namecheap,,,
c389f8ad-6644-45b3-9b9d-602b9ebb631b,anlage.forum,premium,116,116,medium,low,6,namesilo,,,19/09/2026 09:53
b64c7d2a-1a55-4cf3-ad80-89bc70695ffb,answerer.forum,available,2.19,34.99,high,low,8,namesilo,,,19/09/2026 12:14
b56e145f-d762-4e8e-a529-8389cbf1b031,committee.forum,available,2.99,32.32,high,low,9,dynadot,,,29/09/2026 09:31
08af1a67-7894-4630-9be8-0c81294a36fc,curst.forum,premium,87.5,125,medium,low,5,name.com,,,13/08/2026 11:34
566e81c9-1ad5-49f6-922b-d6a90791e4b1,threadfish.forum,available,2.19,34.99,medium,low,10,namesilo,,,18/09/2026 04:49
8f38478b-5741-425a-b5be-145a14b108f6,chary.forum,premium,87.5,125,medium,low,5,name.com,,,12/08/2026 02:59
17fde830-7b44-485a-bb7b-0d3183e56259,momentous.forum,available,1.8,49.98,high,low,9,namecheap,,,25/08/2026 03:59
bdbb24de-4bd9-4ff9-bbeb-de607dd2d7e2,attended.forum,available,2.19,34.99,medium,low,8,namesilo,,,22/09/2026 11:17
f59eaba7-1117-4b6f-b032-8e7f8e6c7c3d,kidnap.forum,available,2.99,32.32,medium,low,6,dynadot,,,28/09/2026 20:48
a39f52f7-0a86-4e13-b6c3-13547cb1cb92,insufficient.forum,available,1.99,,medium,low,12,name.com,,,
e45c559d-671b-4a4c-9f53-53f28c1b96ae,bats.forum,premium,87.5,125,high,low,4,name.com,,,06/08/2026 20:31
2af74374-350f-4424-bffe-679b2fbc8dcd,forthwith.forum,available,1.8,49.98,medium,low,9,namecheap,,,10/09/2026 21:39
61a05ff5-1b6e-4054-a92c-c33635ba4137,argentinian.forum,available,1.24,31.16,high,low,11,spaceship,,,30/09/2026 03:20
53b16475-4199-4560-b808-0ba2db9ed418,gradable.forum,available,1.8,49.98,medium,low,8,namecheap,,,08/09/2026 03:31
d62f655b-0ccb-472f-b747-8633cad673a6,teal.forum,premium,116,116,high,low,4,namesilo,,,22/09/2026 23:03
999098c0-75f0-4a76-a419-d3271c004b15,pillar.forum,premium,103.7,103.7,high,low,6,spaceship,,,29/09/2026 13:21
6fa90018-0554-43a0-9b5c-c84841577863,sorrowful.forum,available,1.8,49.98,medium,low,9,namecheap,,,10/09/2026 14:37
b0656560-d659-4806-a183-8ab7d38a7f00,nutritional.forum,available,2.19,34.99,high,low,11,namesilo,,,30/09/2026 11:42
bd9f6eb1-e144-460d-a46b-0467c480f984,lied.forum,premium,116,116,high,low,4,namesilo,,,25/09/2026 08:58
d8d73bab-aa81-4e3e-823c-99899f07bdb9,lendable.forum,premium,87.5,125,medium,low,8,name.com,,,22/08/2026 23:35
06a707f6-5163-430e-a0d8-b6a007a6a4b7,somerville.forum,available,1.8,49.98,medium,low,10,namecheap,,,27/09/2026 01:44
6691fa7f-e52c-4b7b-8f58-eb2dd2c6b32b,enslaved.forum,available,2.19,34.99,low,low,8,namesilo,,,30/09/2026 22:26
9844e31b-2491-4a39-a90c-4a05879af07a,megascopic.forum,available,1.8,49.98,medium,low,10,namecheap,,,24/08/2026 19:26
42a0a361-dd81-42dc-a237-86c38910426e,monks.forum,premium,103.7,103.7,medium,low,5,spaceship,,,28/09/2026 21:40
dcb4ae54-02e1-4d73-a5da-8bf3cce80a6b,sarcoid.forum,available,1.8,49.98,high,medium,7,namecheap,,,09/09/2026 21:28
32b3409a-b71c-4f34-879a-9456885044dd,petalous.forum,available,1.8,49.98,medium,low,8,namecheap,,,08/09/2026 18:15
bea9f3de-8ebc-422f-9b18-9ca7dbaa2be4,watered.forum,available,1.8,49.98,medium,low,7,namecheap,,,25/08/2026 03:28
7421585c-dfbb-49ae-ba8a-0a34ff5bf323,wry.forum,premium,87.5,125,high,low,3,name.com,,,22/08/2026 10:08
0fb805f0-68e9-4f7b-aa3d-d50ac56b97cc,eccentric.forum,available,1.8,49.98,high,low,9,namecheap,,,10/08/2026 09:50
2aff607f-4eda-4bf1-846f-e77745b61a8b,chaldea.forum,available,1.8,49.98,medium,low,7,namecheap,,,21/09/2026 13:52
78a73a26-4d0d-4c65-bfc3-2334a44dc170,must.forum,premium,640,640,high,low,4,namesilo,,,25/09/2026 22:28
ba7e7592-c69d-4a8b-88fb-07ce97195db9,sells.forum,available,1.8,49.98,high,low,5,namecheap,,,28/09/2026 03:41
824fce2b-3590-4b0c-b379-e8f464cbc282,prisms.forum,available,1.8,49.98,medium,low,6,namecheap,,,21/09/2026 00:27
a5f4edff-fe07-4b51-8fb8-22ab7825e51c,kenosha.forum,available,2.19,34.99,high,low,7,namesilo,,,29/09/2026 15:54
240ae790-47bc-411f-8c4a-870936e4dded,almaty.forum,premium,116,116,medium,low,6,namesilo,,,18/09/2026 12:22
32df8ef9-7d8c-4823-bb08-3b1376c09fd9,subport.forum,available,2.19,34.99,medium,low,7,namesilo,,,28/09/2026 16:14
cc1a2162-3037-4d24-b5a6-e481890cfdcd,amelia.forum,available,1.8,49.98,high,low,6,namecheap,,,18/09/2026 18:15
2025466f-c7fc-413c-b677-fb9a1ba20565,gotta.forum,premium,116,116,high,low,5,namesilo,,,27/09/2026 16:53
4504efc9-dd14-409b-aef9-c7b03b648ad5,hopefully.forum,available,1.24,31.16,high,low,9,spaceship,,,28/09/2026 15:15
fd7c1878-4d37-4060-a2c0-84a704a7b1dd,brendan.forum,premium,,,medium,low,7,,,,28/09/2026 04:01
b56616bf-031e-412c-9617-96e318df8fe2,starved.forum,available,1.8,49.98,medium,low,7,namecheap,,,17/08/2026 13:45
e7217b7e-3e0a-4056-bd16-a1231371b848,fag.forum,premium,640,640,high,low,3,namesilo,,,09/09/2026 08:03
82f5c09b-b1ef-45e3-992c-d396f8f6a390,denying.forum,available,1.24,31.16,medium,low,7,spaceship,,,28/09/2026 11:30
47cb9a9e-0e96-4136-a9f7-5378305089c6,award.forum,premium,116,116,high,low,5,namesilo,,,27/09/2026 06:31
e9351584-bc38-441b-8527-8ffa20a58a43,gateway.forum,premium,103.7,103.7,high,medium,7,spaceship,,,28/09/2026 14:15
f6757b34-cd31-4af1-84c8-2ec50dcd9b87,addled.forum,available,1.8,49.98,medium,low,6,namecheap,,,
cd78872c-085d-46d8-8eae-c91d093ac333,helps.forum,premium,130,130,high,low,5,namecheap,,,25/09/2026 21:19
86e6c541-5398-4995-99bf-1290f99d5109,unweaned.forum,available,1.8,49.98,low,low,8,namecheap,,,12/09/2026 22:29
3595316f-707a-4278-9e1e-363b4826b4f9,agene.forum,premium,116,116,medium,low,5,namesilo,,,17/09/2026 17:07
6eb73009-0637-45fc-a61a-f8a743c8d347,hassle.forum,available,2.19,34.99,high,low,6,namesilo,,,27/09/2026 16:35
4b2e7009-f761-4671-bbc4-b5239758456a,pusher.forum,available,2.19,34.99,high,low,6,namesilo,,,21/09/2026 13:22
2cc0768b-d58a-4744-8300-11a2d6d15547,whereas.forum,available,2.19,34.99,high,low,7,namesilo,,,01/10/2026 00:02
889feff8-8710-43ee-8369-e0d7af9d2b2e,unkindly.forum,available,1.8,49.98,medium,low,8,namecheap,,,12/09/2026 14:15
2eb5be2b-564c-4e10-9205-831377e59947,segregation.forum,available,2.19,34.99,medium,low,11,namesilo,,,16/09/2026 23:21
13bf2a2f-8364-47eb-ac95-84d6b26fbe37,apologue.forum,available,2.19,34.99,medium,low,8,namesilo,,,18/09/2026 10:43
0b7ae65d-eb51-484d-b2cf-98896d181d2b,buds.forum,premium,87.5,125,medium,low,4,name.com,,,20/09/2026 03:42
01918067-2c07-47fa-a19a-a2e67c171a3c,haines.forum,available,1.54,31.41,medium,low,6,porkbun,,,28/09/2026 04:08
97cb85b6-8b97-4bcf-a9c3-67f7acc05c29,disputed.forum,available,1.8,49.98,medium,low,8,namecheap,,,14/08/2026 12:12
7de8ce00-feb2-4a59-8eca-cd85a0a0cda8,coulomb.forum,available,2.19,34.99,medium,low,7,namesilo,,,18/09/2026 23:08
8f37676f-787e-42a3-a570-366ead90db4c,offhand.forum,available,1.8,49.98,medium,low,7,namecheap,,,
87008e0d-d2cc-4c89-90c0-965d6ccc5da0,strident.forum,available,1.8,49.98,medium,low,8,namecheap,,,12/08/2026 09:19
697f9f13-6ba0-4650-98f3-bb2676a97ab9,sidelong.forum,available,1.8,49.98,medium,low,8,namecheap,,,07/08/2026 03:26
39ea16d9-a86b-4e2b-a8fc-10e82be0367c,colorectal.forum,available,1.8,49.98,medium,low,10,namecheap,,,12/08/2026 17:46
21aef3a6-48f1-411d-96d6-85cf8b29fa72,beefburger.forum,available,1.8,49.98,medium,low,10,namecheap,,,23/09/2026 01:04
251f8d18-96ae-40f5-8c3a-f3f1307b9df8,meeter.forum,available,1.8,49.98,medium,low,6,namecheap,,,21/09/2026 01:27
add27064-4578-49fb-bbca-dfd2a6b8b444,actors.forum,available,1.99,,high,low,6,name.com,,,
8c76ccba-ca99-40b6-9e89-ac1eff3fff8f,rave.forum,premium,103.7,103.7,high,low,4,spaceship,,,29/09/2026 13:10
0d139ade-a28c-45af-a0e0-703852c82c87,lodi.forum,available,2.19,34.99,medium,low,4,namesilo,,,29/09/2026 15:13
e94137ee-efdb-460c-b624-d2aef425f6c9,basiliscus.forum,available,2.19,34.99,medium,low,10,namesilo,,,22/09/2026 10:53
7eff8bdb-cf9e-475a-ae71-25fd8c04da6f,implement.forum,available,2.99,32.32,high,low,9,dynadot,,,29/09/2026 13:06
4efb1a8d-9fa1-40eb-8945-2e0709c3114a,fugacious.forum,available,1.8,49.98,medium,low,9,namecheap,,,17/08/2026 10:20
78e94c88-4556-4117-a69c-59cb1b122a3e,donald.forum,available,1.8,49.98,high,low,6,namecheap,,,25/09/2026 18:48
add340e3-26f0-43cb-b529-6f294bf9c9f4,cheesecake.forum,available,1.8,49.98,high,low,10,namecheap,,,24/09/2026 14:12
80f9c405-61e0-4256-a0b2-3c6b1dfe9fb9,juxtaposed.forum,available,1.8,49.98,medium,low,10,namecheap,,,22/08/2026 15:00
dffede4a-4eeb-4d0a-8d23-58f528d00eaa,dentate.forum,available,1.8,49.98,medium,low,7,namecheap,,,14/08/2026 01:57
e8515645-710a-4e73-b797-5830f07c16c6,committed.forum,available,2.19,34.99,high,low,9,namesilo,,,23/09/2026 15:46
e2d308ee-f2fe-4cee-b04a-663aa5b04918,barany.forum,available,2.19,34.99,medium,low,6,namesilo,,,22/09/2026 04:13
f7efe7b2-4fcf-45f0-aa0e-9dfd89a65986,energising.forum,available,1.8,49.98,medium,low,10,namecheap,,,17/08/2026 06:43
ac3fae30-a2e8-438c-8960-8e92d1cac358,theocratic.forum,available,1.8,49.98,medium,low,10,namecheap,,,11/09/2026 12:52
6ebf85dc-58c6-4e72-81bd-f786294f3c41,amiss.forum,premium,87.5,125,medium,low,5,name.com,,,
06f895ed-59e7-4c43-b606-bd23b23de84d,baksheesh.forum,available,1.8,49.98,medium,low,9,namecheap,,,21/09/2026 15:52
466690cf-cc53-4cef-9de6-5741dd774dde,gladys.forum,available,2.19,34.99,medium,low,6,namesilo,,,26/09/2026 03:41
a455e730-e51f-40c8-9888-2a07b59cb83a,cancun.forum,premium,640,640,high,low,6,namesilo,,,24/09/2026 12:01
5c358977-34e9-45cb-8286-2461fdbfa921,hybrids.forum,available,30.2,30.2,medium,low,7,cloudflare,,,30/09/2026 14:39
d49e71ba-a0a1-4b81-92cf-12b217093707,crop.forum,premium,130,130,high,low,4,namecheap,,,24/09/2026 19:07
69aad376-2c0a-4d16-bcad-fe19a3ec9ddf,melo.forum,available,1.24,31.16,high,low,4,spaceship,,,30/09/2026 21:58
fab7d252-32b7-4390-abac-95585557c34f,postwar.forum,available,1.8,49.98,high,low,7,namecheap,,,09/09/2026 00:42
f211df97-23b5-474a-89f1-a9610913bdfc,arguing.forum,available,1.8,49.98,high,low,7,namecheap,,,20/09/2026 04:50
c6be723b-c7ff-413d-bc92-c0c81254e246,adi.forum,premium,116,116,high,low,3,namesilo,,,28/09/2026 16:16
a472b60d-ba91-43f7-a511-26c58dcde0e3,ambivalent.forum,available,1.8,49.98,medium,low,10,namecheap,,,
f8a5849e-9dfb-4321-9415-0ac30970f218,nile.forum,premium,76.94,109.69,high,low,4,porkbun,,,29/09/2026 07:45
ccb3ea29-1282-42d9-b83b-19437184fee8,regimental.forum,available,1.8,49.98,high,medium,10,namecheap,,,09/09/2026 12:54
2817e55c-1ee6-46af-8953-796a06dabc5a,asama.forum,available,2.19,34.99,medium,low,5,namesilo,,,20/09/2026 12:47
6c08a397-3e5c-40e4-9648-792012041a9e,mio.forum,premium,,,high,low,3,,,,30/09/2026 12:31
6f40a35c-d624-4482-811b-6bdc62508743,aroma.forum,premium,116,116,high,low,5,namesilo,,,20/09/2026 08:25
7bb861c3-1f81-4091-bdeb-c693c4b683ae,exotic.forum,available,1.8,49.98,high,low,6,namecheap,,,17/08/2026 17:49
b59bd0ca-6567-4d19-b8b6-3570b974ab4c,elam.forum,available,2.19,34.99,medium,low,4,namesilo,,,30/09/2026 01:29
eb7efb77-f20d-4b85-87cc-3c81c4d4420d,comrade.forum,available,1.24,31.16,high,low,7,spaceship,,,28/09/2026 13:44
567abc0c-7965-4330-a733-afeddab39fa4,modest.forum,available,1.8,49.98,high,low,6,namecheap,,,25/09/2026 06:33
d8ee841b-76d2-4e76-bc14-c01c10cb7131,salts.forum,premium,116,116,medium,low,5,namesilo,,,20/09/2026 01:25
4784d087-d653-4394-a747-5f7615311b89,cynthia.forum,available,2.19,34.99,high,low,7,namesilo,,,20/09/2026 10:13
fd3e522a-40d7-4094-99d2-4af9c0a06981,arsenide.forum,available,2.19,34.99,medium,low,8,namesilo,,,20/09/2026 09:41
7234009f-2f1b-4f0d-95fa-364a101234a0,darien.forum,available,1.24,31.16,medium,low,6,spaceship,,,30/09/2026 13:31
ea05072a-edce-41e9-9e2e-748e015255fa,pastel.forum,premium,87.5,125,high,low,6,name.com,,,08/09/2026 10:04
1b072699-487f-45e4-acf3-765979fc0cba,inflexible.forum,available,1.8,49.98,medium,low,10,namecheap,,,22/08/2026 04:32
c5108cd3-2815-4d81-8a6d-2d344c5e5140,sedgwick.forum,premium,116,116,medium,low,8,namesilo,,,28/09/2026 16:41
5693068e-ea18-4914-8c03-b7d0c11e7b5b,starship.forum,available,2.99,32.32,high,low,8,dynadot,,,30/09/2026 11:04
1ac20651-7215-4e4e-a986-8b07a7941b72,peroxide.forum,available,2.99,32.32,high,low,8,dynadot,,,01/10/2026 02:39
15b6d057-cdb6-4b89-afd8-d7ff6111e2e1,cuspid.forum,available,1.8,49.98,medium,low,6,namecheap,,,11/08/2026 17:03
c1c1931c-4453-44aa-a9ef-5c0c831f7ace,aim.forum,premium,640,640,high,medium,3,namesilo,,,25/09/2026 10:01
59b59f5f-4108-4f35-8db5-799493eb6ead,afm.forum,premium,103.7,103.7,high,low,3,spaceship,,,01/10/2026 00:52
dc6cc3d7-893b-4a3c-908b-47fdf525c57d,premises.forum,available,2.19,34.99,medium,low,8,namesilo,,,28/09/2026 15:06
3db485d6-36ae-40e1-ba62-468312fcc506,dicey.forum,premium,87.5,125,medium,low,5,name.com,,,12/08/2026 01:44
0a974c33-0c90-4738-8250-5f52cc475a3e,counseling.forum,available,30.2,30.2,high,low,10,cloudflare,,,01/10/2026 03:29
ca7baf65-8346-4094-ba64-f7f03b35406c,set.forum,premium,130,130,high,low,3,namecheap,,,29/09/2026 19:37
452ac521-53b2-4f47-a40b-e1282f2db1a3,deported.forum,available,1.24,31.16,low,low,8,spaceship,,,29/09/2026 16:30
97ae6472-d543-4b37-9ad0-fa00ea89a7e2,predilection.forum,available,1.99,,high,low,12,name.com,,,
7d7df875-b879-492f-bdab-492ed3bb5c4b,azotic.forum,available,1.8,49.98,medium,low,6,namecheap,,,08/08/2026 02:53
170d51b5-f1f3-4f45-bb8d-ef4e7ea25870,yao.forum,premium,103.7,103.7,medium,low,3,spaceship,,,28/09/2026 07:58
9c9b5531-1f88-48d0-8310-d6cd12f53305,entertain.forum,available,1.24,31.16,high,low,9,spaceship,,,28/09/2026 06:53
acc4fdd2-9799-4b93-a638-bbcf59732d25,presidents.forum,available,2.99,32.32,medium,low,10,dynadot,,,28/09/2026 23:13
84972a24-785f-4313-8a79-b067b1659097,arras.forum,premium,130,130,medium,low,5,namecheap,,,20/09/2026 08:49
1f9b1bfd-e297-4621-9cea-e81baee2ed3d,diligence.forum,available,2.99,32.32,high,low,9,dynadot,,,29/09/2026 14:59
a160d9ba-5a5a-4684-9dd1-d081b33ed22b,miscarriage.forum,available,2.19,34.99,medium,low,11,namesilo,,,30/09/2026 14:13
36d69166-396f-4a5b-894d-4165412f77d4,injection.forum,available,2.19,34.99,high,low,9,namesilo,,,28/09/2026 06:02
dde3d263-819c-490d-98b8-83162b2b9772,warped.forum,available,1.8,49.98,medium,low,6,namecheap,,,13/09/2026 08:27
49e46118-c813-4a91-a420-74e2acdf29c7,tutelar.forum,available,1.8,49.98,medium,low,7,namecheap,,,13/08/2026 12:23
032f8695-24dd-493b-89ba-f7063c41d9ec,impulse.forum,premium,103.7,103.7,high,low,7,spaceship,,,29/09/2026 07:26
cbd0919e-a0e5-4448-8c78-9878364aabb4,prc.forum,premium,640,640,high,low,3,namesilo,,,25/09/2026 22:08
ebf8ebf9-bfb1-436b-9ad4-0bff523612be,adjectives.forum,available,2.19,34.99,medium,low,10,namesilo,,,18/09/2026 16:11
331760c8-8ec2-4797-9cdc-514f8aed6cf4,interact.forum,premium,103.7,103.7,high,low,8,spaceship,,,30/09/2026 20:24
36c823d6-fe4d-4ff4-8978-1e179e36b780,conventionally.forum,available,1.99,,medium,low,14,name.com,,,
dc0e5c05-6a55-48f2-a75b-0d94e31d01b7,granitic.forum,available,1.8,49.98,medium,low,8,namecheap,,,18/08/2026 08:22
9db67be6-ad4e-413b-a641-d49fe8b13f0a,auspice.forum,available,2.19,34.99,high,low,7,namesilo,,,21/09/2026 04:36
f9486581-1b82-4fdd-af44-7166d9e05d02,haphazard.forum,available,1.8,49.98,medium,low,9,namecheap,,,20/08/2026 23:46
7b2252cd-f199-4cea-942c-13d931ad57a4,compulsive.forum,available,1.8,49.98,high,low,10,namecheap,,,12/08/2026 19:40
4977e9ea-12c4-45f1-88c7-dc340a9e5ff4,calls.forum,premium,116,116,medium,low,5,namesilo,,,18/09/2026 14:59
0ab067dd-f253-48ad-b8b6-cf5538a13935,napoleon.forum,premium,517.7,517.7,medium,low,8,spaceship,,,28/09/2026 13:35
d84613b6-d39c-4eaf-8583-2298946ac67f,courthouse.forum,available,1.24,31.16,high,low,10,spaceship,,,28/09/2026 09:28
5f4ba9ec-0fc8-4bd8-9cbd-1474016a5152,manned.forum,available,1.8,49.98,high,low,6,namecheap,,,24/08/2026 15:16
10f3729e-d4b9-40a7-bc2b-98f6b02b6e75,erotism.forum,available,2.19,34.99,medium,low,7,namesilo,,,18/09/2026 16:15
649e3aad-505d-4f8e-a6e8-e2bbbfec3d27,warehouse.forum,available,2.19,34.99,high,low,9,namesilo,,,27/09/2026 06:03
226bfa10-4c56-4870-9bff-f33fba060a98,rented.forum,available,2.19,34.99,medium,low,6,namesilo,,,17/09/2026 18:45
3afe2482-c0e6-40b3-a987-f25b94b8d24f,treasured.forum,available,1.8,49.98,high,low,9,namecheap,,,12/08/2026 04:21
70192dfb-753d-4dc6-875a-658634b00028,plantar.forum,available,1.8,49.98,medium,low,7,namecheap,,,08/09/2026 20:50
1e0c0188-4c62-4a95-a23a-2cbed7aff1b2,measles.forum,available,30.2,30.2,medium,low,7,cloudflare,,,30/09/2026 04:11
34ed88e2-747e-4088-a36d-2b6679ea180c,potent.forum,available,1.8,49.98,high,low,6,namecheap,,,09/09/2026 00:48
224925b2-e8b9-48d5-b7cf-1f7fb247dfca,nasty.forum,premium,218.75,312.5,medium,low,5,name.com,,,13/08/2026 08:48
fdf0e52b-bce5-4e4f-bcd9-2261ff66ed62,prance.forum,available,1.8,49.98,high,low,6,namecheap,,,11/09/2026 05:09
ab41e57b-e0e1-4ca3-80c1-a7bc0a3c6356,laramie.forum,available,2.19,34.99,medium,low,7,namesilo,,,28/09/2026 14:40
a8a855d7-41e3-4294-a3df-126290f57ce9,groningen.forum,available,2.19,34.99,medium,low,9,namesilo,,,29/09/2026 03:44
ff992d7d-570b-40c9-9268-10d671afdc53,armenian.forum,available,1.8,49.98,high,low,8,namecheap,,,06/08/2026 19:39
252687b4-cabc-4dfb-8783-94fb33cd7e91,muir.forum,premium,103.7,103.7,medium,low,4,spaceship,,,29/09/2026 19:25
17a1e8a3-24d9-4fa8-9fb7-74cf79460f14,hematic.forum,available,1.8,49.98,medium,low,7,namecheap,,,20/08/2026 21:53
9db673d3-b4cc-4498-995f-3fb602f422a2,pastures.forum,available,2.19,34.99,medium,low,8,namesilo,,,30/09/2026 07:16
204c41c8-2932-46eb-9be2-769cf573e1a5,abed.forum,premium,116,116,medium,low,4,namesilo,,,13/09/2026 16:13
1917816a-43da-40cc-8e0c-b2855d3211f0,grainy.forum,available,1.8,49.98,medium,low,6,namecheap,,,12/08/2026 14:00
c766b426-202d-4a9b-9778-da2da611b216,assured.forum,available,1.8,49.98,high,low,7,namecheap,,,07/08/2026 08:21
bc9b633b-19dc-4587-b0b3-8bb841932920,simian.forum,available,1.8,49.98,high,medium,6,namecheap,,,10/09/2026 08:14
64e7ebf2-8556-477b-834c-d179adcc3aa3,monitory.forum,available,1.8,49.98,medium,low,8,namecheap,,,
4559155d-1bf4-4120-a6a7-c85a51454760,enduring.forum,available,1.8,49.98,high,low,8,namecheap,,,
f9d51c32-c53b-47cc-ae75-978a1093017c,preferent.forum,available,1.8,49.98,medium,low,9,namecheap,,,09/08/2026 17:55
9b22ecf4-c2cb-479b-8fe9-0dbf0785a4e7,formidable.forum,available,1.8,49.98,high,low,10,namecheap,,,18/08/2026 12:12
bd166516-d9e9-4629-a146-d00f78cc0e60,welles.forum,available,1.8,49.98,high,low,6,namecheap,,,27/09/2026 04:13
42dbc3d7-c3ed-41d6-8fda-a6067f0cbcbe,girlfriends.forum,available,1.24,31.16,medium,low,11,spaceship,,,30/09/2026 06:17
67d73783-e8fc-460a-b81b-74390288397d,directions.forum,available,2.19,34.99,high,low,10,namesilo,,,27/09/2026 09:16
e006e945-8024-4f18-9ec5-6ef8849ac489,sevilla.forum,premium,,,high,low,7,,,,29/09/2026 13:56
aca6c182-2565-4677-a62f-bc9224d9cdd7,billionaire.forum,premium,116,116,high,low,11,namesilo,,,30/09/2026 03:33
e5629eae-1075-44be-b390-e54aa48b6102,autogenic.forum,available,1.8,49.98,medium,low,9,namecheap,,,07/08/2026 20:21
660e4089-859a-4156-97dd-dabc6a4c961b,unrested.forum,available,1.8,49.98,medium,low,8,namecheap,,,12/09/2026 18:02
06313ebb-1193-4a02-a9c8-355e679605be,chive.forum,premium,116,116,high,low,5,namesilo,,,18/09/2026 11:28
055229db-97e6-4075-94e1-810989c3f70d,allows.forum,available,1.24,31.16,low,low,6,spaceship,,,28/09/2026 08:44
158764cb-33a4-479d-ab3a-50357be87afb,subverter.forum,available,1.8,49.98,medium,low,9,namecheap,,,09/09/2026 16:25
d221d737-7687-4668-9dab-a6e56101e0a6,nun.forum,premium,550,550,high,low,3,dynadot,,,29/09/2026 11:00
63a83d00-d79e-42eb-a669-36ffdc9487d7,allomorph.forum,available,2.19,34.99,medium,low,9,namesilo,,,18/09/2026 11:59
8aa296ce-3407-4058-94e0-4d0b36f65677,bonkers.forum,available,1.8,49.98,medium,low,7,namecheap,,,06/08/2026 20:40
58da2937-9ca7-4428-a1d8-d2354e55cb27,lack.forum,premium,116,116,medium,low,4,namesilo,,,27/09/2026 03:43
45b4cb27-0748-47b7-9239-93026b9922dd,felicia.forum,available,1.8,49.98,high,low,7,namecheap,,,29/09/2026 18:52
12a7bf20-f5d1-41b0-8f56-a2f14fdf01c7,metacarpal.forum,available,1.8,49.98,medium,low,10,namecheap,,,24/08/2026 21:30
cc8c65d6-6bcc-43fc-bab7-e479a5419389,forthcoming.forum,available,1.24,31.16,high,low,11,spaceship,,,29/09/2026 14:27
619e9ab4-ef06-47cc-b6bd-da842c6fb402,elephants.forum,available,2.19,34.99,high,low,9,namesilo,,,18/09/2026 04:24
62e6bddd-67a2-48c7-b67a-e98ef6cdeba4,alcohol.forum,available,2.19,34.99,high,low,7,namesilo,,,25/09/2026 10:44
4b783a09-0561-487a-87c7-d017806e04c5,aces.forum,premium,517.7,517.7,high,medium,4,spaceship,,,29/09/2026 08:40
e0f71669-65d4-44f4-80ee-f7841f324399,ethnicity.forum,available,2.99,32.32,high,low,9,dynadot,,,01/10/2026 01:57
da3b84e6-ce87-4433-be94-13427c9f6b5a,revokable.forum,available,1.8,49.98,medium,low,9,namecheap,,,09/09/2026 16:23
dfac587e-f7bb-43d1-ba62-87357d96a03f,gunner.forum,available,2.19,34.99,high,low,6,namesilo,,,20/09/2026 11:48
57cf3298-4e17-428d-9988-081fd45ace22,angelim.forum,available,2.19,34.99,medium,low,7,namesilo,,,19/09/2026 03:59
bc1e7a65-a716-4093-add0-1be222f513c7,tablet.forum,premium,103.7,103.7,high,low,6,spaceship,,,28/09/2026 20:05
81ee719c-025d-4844-827c-b958b0414093,makeover.forum,available,1.99,,high,low,9,name.com,,,
d75c50c6-cadc-4510-a3ed-a6da4c23b54c,scouting.forum,available,2.19,34.99,high,low,8,namesilo,,,29/09/2026 00:51
a73d30e1-58cd-4c0a-9272-19b4ec40e924,adad.forum,premium,116,116,medium,low,4,namesilo,,,17/09/2026 06:02
1fc6f579-eb27-4515-b2ee-97f90e0299ae,scentless.forum,available,1.8,49.98,medium,low,9,namecheap,,,09/09/2026 23:00
2a38f601-469a-4fe0-aee1-4a8ccd7f67e9,corey.forum,available,1.8,49.98,high,low,5,namecheap,,,26/09/2026 03:27
dc7749b4-6a7e-4ca0-9ede-1039bec0a812,variform.forum,available,1.8,49.98,medium,low,8,namecheap,,,13/09/2026 01:22
9f5916d7-ac6f-48ae-866f-ec5fc8f04e39,aromatic.forum,available,1.8,49.98,high,low,8,namecheap,,,22/09/2026 08:02
4e14f045-42a6-4b9b-b235-3e0dced081eb,puckish.forum,available,1.8,49.98,medium,low,7,namecheap,,,21/08/2026 22:29
9bbcebde-803a-4183-aa7e-6c72810e39db,stiles.forum,available,30.2,30.2,medium,low,6,cloudflare,,,30/09/2026 13:36
d50c675c-8702-44b6-9102-70b9a431599f,pagan.forum,available,1.8,49.98,medium,low,5,namecheap,,,18/08/2026 21:57
267ac5a3-78a5-45f2-a155-a4d4e1037135,balusters.forum,available,2.19,34.99,high,low,9,namesilo,,,22/09/2026 00:30
31b186c6-a71d-41ce-9eef-afb20204bcf0,wassermann.forum,available,1.8,49.98,high,low,10,namecheap,,,21/09/2026 03:49
243829af-53be-4461-a018-1b4228690add,convincing.forum,available,2.19,34.99,high,low,10,namesilo,,,23/09/2026 22:56
a3750118-2ddf-4eac-aeca-36d4d199eb69,vault.forum,premium,650,650,high,medium,5,namecheap,,,22/09/2026 02:40
be3ce75b-b74d-4fcd-bc58-c29751d78e70,numbered.forum,available,2.19,34.99,medium,low,8,namesilo,,,29/09/2026 10:20
03f28f74-d226-4095-be76-317711ea03b9,aphorism.forum,available,2.19,34.99,high,low,8,namesilo,,,19/09/2026 17:09
3f9b3f8c-23b3-4175-99f2-3a21de89b1d7,maroon.forum,available,1.8,49.98,high,low,6,namecheap,,,11/08/2026 06:33
162402e9-162a-47ea-8351-5adec56c67e5,cheering.forum,available,1.8,49.98,high,low,8,namecheap,,,12/08/2026 03:45
fa595bdd-36fc-428a-9da6-c7285c3d3a4f,annum.forum,premium,130,130,high,low,5,namecheap,,,19/09/2026 11:04
41e9eac1-2e53-48ad-b3e4-0de6ff01bbc7,spinner.forum,premium,116,116,high,low,7,namesilo,,,01/10/2026 03:50
82be68cb-4ca6-4c7b-94e2-6650319f6931,density.forum,available,1.24,31.16,high,low,7,spaceship,,,29/09/2026 11:57
f22b6b7f-06e4-4b61-aed4-78ff6a47c4fb,filiform.forum,available,1.8,49.98,medium,low,8,namecheap,,,18/08/2026 04:04
fe3cb830-c61a-41b6-92f8-8f9c5ee90ffa,hacking.forum,premium,103.7,103.7,medium,low,7,spaceship,,,28/09/2026 12:39
33fa856d-f2f2-4fd6-85e8-5c2942ca1505,suv.forum,premium,302.5,302.5,high,low,3,namesilo,,,30/09/2026 10:29
28a149f1-d6b9-41be-82b9-4ee76f558f5d,commandments.forum,available,1.54,31.41,medium,low,12,porkbun,,,30/09/2026 07:22
41f7509a-5f76-401d-ba6d-e75de67d89fc,coffeeman.forum,available,1.99,,high,low,9,name.com,,,
716d6018-6970-43d2-b43b-3b47f28ebfad,aspirations.forum,available,2.19,34.99,low,low,11,namesilo,,,29/09/2026 23:55
0e0a5ae2-adb9-4bf5-8243-53b518f5e47a,rational.forum,available,1.8,49.98,high,low,8,namecheap,,,22/08/2026 07:50
4950f3bc-9a9a-4a34-b0d8-f4d6cfe8ea72,daedal.forum,available,1.99,44.99,medium,low,6,name.com,,,13/08/2026 15:30
cd641339-2332-4577-9d3e-b75a89846335,amino.forum,premium,87.5,125,high,low,5,name.com,,,
92c6f409-f04a-4ec7-b8ed-127177dc5fd8,hindrance.forum,available,1.8,49.98,medium,low,9,namecheap,,,14/08/2026 04:50
308adc68-d5cd-4241-80aa-5ff4b827782f,choky.forum,premium,87.5,125,medium,low,5,name.com,,,12/08/2026 06:42
60115332-3bbf-4623-a42d-bc961b42adc6,border.forum,available,2.19,34.99,high,low,6,namesilo,,,23/09/2026 00:10
ed6e5bf9-689b-411c-9a9c-a01651ea7bb9,incite.forum,available,1.8,49.98,high,low,6,namecheap,,,09/09/2026 03:18
fd4c040b-9e04-4e9f-8957-70dcc945eff8,overlap.forum,available,1.24,31.16,high,low,7,spaceship,,,30/09/2026 02:25
78eb08d7-047b-47ec-a6e1-e7467a79a25a,cryptical.forum,available,1.8,49.98,medium,low,9,namecheap,,,11/08/2026 12:19
4945dd14-8b31-4ba1-a315-af8ec8233059,lxxx.forum,available,1.8,49.98,medium,low,4,namecheap,,,
b3c423d7-a101-4cdd-a5a2-4864eaf9293e,proceedings.forum,available,1.24,31.16,medium,low,11,spaceship,,,28/09/2026 12:34
0ba81054-5204-41ee-b466-0fc9a0ca4c8a,nia.forum,premium,76.94,109.69,high,low,3,porkbun,,,29/09/2026 20:55
fa1a5ce3-27c8-4079-b6d6-8441d5abe504,wake.forum,premium,116,116,high,low,4,namesilo,,,22/09/2026 14:42
d03a7d24-dd68-4d6e-a852-30fdf4b5b6b9,surmisable.forum,available,1.8,49.98,high,medium,10,namecheap,,,09/09/2026 01:47
197bc97e-60af-4b55-bee2-e893a167ab27,alberti.forum,available,2.19,34.99,high,low,7,namesilo,,,18/09/2026 02:45
c6e7b5fd-5410-438c-a548-b058fc0b548c,outdoors.forum,available,2.19,34.99,high,low,8,namesilo,,,21/09/2026 23:54
8ed8c55b-b398-481e-af03-65fc4d2acaee,wildfire.forum,premium,103.7,103.7,high,low,8,spaceship,,,01/10/2026 04:06
5028029c-3453-455f-b950-f477871ee881,hilda.forum,available,2.19,34.99,medium,low,5,namesilo,,,27/09/2026 19:38
4be85335-4a3a-4a19-ac4b-95ffbbb95af3,glamorgan.forum,available,1.24,31.16,medium,low,9,spaceship,,,29/09/2026 21:59
66f1d112-eeea-4f38-b9e1-1b239793fcdb,scraping.forum,available,1.24,31.16,high,low,8,spaceship,,,30/09/2026 02:48
708da61a-0653-42be-99fd-07f32cfded88,ages.forum,premium,87.5,,medium,low,4,name.com,,,
41d753cd-d0f7-42b3-b4ee-8fb489f76a30,drubbing.forum,available,1.8,49.98,medium,low,8,namecheap,,,13/09/2026 07:58
c8105cab-4748-4e36-9cbc-c72345580900,swindon.forum,available,30.2,30.2,high,low,7,cloudflare,,,30/09/2026 13:15
38c04875-d6e7-4d4b-9f9c-581ecf72c6cb,forgot.forum,available,2.19,34.99,medium,low,6,namesilo,,,27/09/2026 21:47
22fdcb37-d3bd-405a-9cd7-f602b02233f3,balladeer.forum,available,2.19,34.99,medium,low,9,namesilo,,,21/09/2026 22:45
26eebd1f-dc97-45ac-b124-48a7ffed7380,vet.forum,premium,640,640,high,low,3,namesilo,,,13/09/2026 05:01
6ce0f0c0-0340-443c-a02f-e0a15d6cb307,balagan.forum,available,2.19,34.99,medium,low,7,namesilo,,,21/09/2026 20:48
ef1b6960-3200-4b0d-a1c4-37ee60d3f536,obstacle.forum,available,2.99,32.32,medium,low,8,dynadot,,,28/09/2026 10:38
8c7df810-8d32-4dd4-8290-669dbdfaecb2,promises.forum,available,2.19,34.99,medium,low,8,namesilo,,,27/09/2026 03:01
2a95ca1c-2bd4-4118-8d72-7ee223c92218,cannons.forum,available,1.24,31.16,medium,low,7,spaceship,,,30/09/2026 16:08
5e3798ea-33cc-4bc1-9a39-fc8ade247602,terrifies.forum,available,1.8,49.98,low,low,9,namecheap,,,18/09/2026 07:37
7f33a707-9693-415c-8d83-7ef3a9803a1c,ade.forum,premium,130,130,high,low,3,namecheap,,,17/09/2026 07:12
79fbd705-6dde-4c00-8d66-a0d57fe12998,paramount.forum,premium,116,116,high,low,9,namesilo,,,04/09/2026 21:41
7e47e556-ea09-46ce-80cc-fa19e227c850,anastrophe.forum,available,1.8,49.98,medium,low,10,namecheap,,,19/09/2026 03:23
ec788f94-c1f3-48ff-bb52-4227bcff00c5,balbriggan.forum,available,1.8,49.98,medium,low,10,namecheap,,,21/09/2026 21:25
050eb0b0-09f9-4244-8b1a-5366052a28da,futureless.forum,available,1.8,49.98,low,low,10,namecheap,,,18/08/2026 19:15
874f8d77-ca72-4f15-a84a-6e16ea12c496,coppola.forum,available,1.24,31.16,medium,low,7,spaceship,,,30/09/2026 16:47
2d3cd5dd-7a7d-47ed-8d04-9e410b9843fa,booklist.forum,available,1.99,,high,low,8,name.com,,,
31ac22c9-8d95-4a49-9cba-7b6d8c4cadea,silkily.forum,available,1.8,49.98,medium,low,7,namecheap,,,16/09/2026 01:51
0a1b6c1f-173e-4f0b-be69-3a3a825b0790,npl.forum,premium,103.7,103.7,medium,low,3,spaceship,,,30/09/2026 20:55
edd2aa8d-66ca-4aa5-8dcc-2b3178bf4ff8,arborist.forum,available,2.19,34.99,medium,low,8,namesilo,,,20/09/2026 00:51
f21d04da-ef40-4ee6-a308-9fdcedf354f8,homosexuals.forum,available,30.2,30.2,low,low,11,cloudflare,,,01/10/2026 00:33
c00ab7da-fc40-49cb-bb2a-38e6a279a046,bismarck.forum,premium,640,640,high,low,8,namesilo,,,23/09/2026 22:03
b7172740-ae80-406b-9a2a-c9b749bfd97f,steals.forum,available,2.19,34.99,medium,low,6,namesilo,,,28/09/2026 23:24
23c81875-347a-443b-a83e-57ea43ad0785,choke.forum,premium,116,116,medium,low,5,namesilo,,,24/09/2026 14:43
6002d775-a73c-4ac8-88d5-f317a6fe0797,westmoreland.forum,available,1.8,49.98,high,low,12,namecheap,,,28/09/2026 04:13
01080ebf-0cbd-4838-bc30-2551d4283125,pushkin.forum,available,1.8,49.98,high,low,7,namecheap,,,18/09/2026 05:07
9db9f1d3-d688-43e5-9d7a-cc6b14912372,shredded.forum,available,1.8,49.98,medium,low,8,namecheap,,,12/08/2026 06:59
27381666-0350-4fbd-94c5-446fc19f3226,fundamentalism.forum,available,1.99,,medium,low,14,name.com,,,
1c2f5b0d-f1f1-4289-8cfc-c551630366c2,episodes.forum,available,1.8,49.98,medium,low,8,namecheap,,,29/09/2026 11:24
cac72b1d-b353-4190-9d3b-16eba1be0983,ardeidae.forum,available,2.19,34.99,medium,low,8,namesilo,,,20/09/2026 03:06
a5bba038-25a8-42a3-9714-4654aaaa09d3,raytheon.forum,premium,116,116,high,high,8,namesilo,,,30/09/2026 14:05
b561e6e2-7b23-404f-b979-70e7b8d294ce,bata.forum,premium,640,640,medium,low,4,namesilo,,,22/09/2026 13:09
84c8fe49-9820-42fd-aa82-50f695a02144,vocation.forum,available,1.24,31.16,high,low,8,spaceship,,,30/09/2026 16:34
88e12224-0658-45e8-a235-61e3577ecd15,someplace.forum,available,1.8,49.98,high,low,9,namecheap,,,16/09/2026 04:51
c5b6a843-b631-4006-96b5-e67d0517774a,unclaimed.forum,available,1.8,49.98,medium,low,9,namecheap,,,12/09/2026 05:13
dadd542b-59ce-4c2f-8f3f-6eecf542c6ad,mango.forum,premium,517.7,517.7,high,high,5,spaceship,,,29/09/2026 19:37
5ba0fbb3-c753-4001-a86c-e1f423b8fdee,colours.forum,premium,116,116,high,low,7,namesilo,,,29/09/2026 10:20
e3b5c228-c7d4-4eac-be3c-a3d9d5636fd8,grooved.forum,available,1.8,49.98,medium,low,7,namecheap,,,20/08/2026 20:17
b96c540f-0c41-4fcf-b61e-504c873dc945,watkins.forum,premium,640,640,high,low,7,namesilo,,,25/09/2026 15:58
c5415cb7-8ac7-498c-ace8-bad60094fa02,drab.forum,premium,87.5,125,medium,low,4,name.com,,,14/08/2026 11:43
b28a9c36-b3a2-4082-9adb-8f83bdefa093,spice.forum,premium,103.7,103.7,high,low,5,spaceship,,,30/09/2026 11:40
3d3e1ab5-b4ca-4c21-9ed6-1a95f7e45ccf,carousel.forum,premium,116,116,high,medium,8,namesilo,,,30/09/2026 00:59
98f93c88-1b50-4ab4-b04b-2173e1a2a86a,wrote.forum,premium,87.5,,medium,low,5,name.com,,,
7574c07e-9628-44a3-815a-8467d737b97c,diverse.forum,available,1.8,49.98,high,low,7,namecheap,,,14/08/2026 13:39
7dff76fd-fac4-4525-8022-6875735eee40,childly.forum,available,1.8,49.98,medium,low,7,namecheap,,,12/08/2026 05:14
02e1dca8-02c1-402b-b2e6-03e509afff7a,bearable.forum,available,1.8,49.98,medium,low,8,namecheap,,,09/08/2026 04:27
26cd7fcf-c0e5-4424-8c68-83df83a737d6,mouths.forum,available,1.99,44.99,medium,low,6,name.com,,,18/09/2026 08:01
0b77aceb-2e81-496f-8c1d-7c0216b0cd69,regressive.forum,available,1.8,49.98,high,medium,10,namecheap,,,09/09/2026 12:59
47c3d8b6-583c-4922-bfd6-5533706ce253,widgeon.forum,available,1.8,49.98,medium,low,7,namecheap,,,19/09/2026 02:58
a23ef539-22ab-4596-9c91-3479b24f7b3c,malted.forum,available,1.8,49.98,high,low,6,namecheap,,,24/08/2026 14:12
dd364558-3d1e-467d-abe4-5d191390b936,alarm.forum,premium,87.5,125,high,low,5,name.com,,,
98031637-85d1-46af-a792-c45991817ea0,hopeless.forum,available,1.8,49.98,medium,low,8,namecheap,,,21/08/2026 13:54
d2b22043-4097-47e0-a5a1-d11ff7bb0acc,expectancy.forum,available,2.19,34.99,high,low,10,namesilo,,,19/09/2026 14:15
fee91df9-7ffc-4e52-8f6d-7a77d29a9ada,adenauer.forum,available,2.19,34.99,medium,low,8,namesilo,,,17/09/2026 07:24
bdb3dbdc-cdb2-4083-8179-16ba006a7472,descendant.forum,available,1.8,49.98,high,low,10,namecheap,,,14/08/2026 03:14
1485bb5e-ef44-470e-893b-63dbbeec4c53,daytona.forum,premium,,,high,low,7,,,,28/09/2026 04:21
8be202a8-3b65-4254-8a64-59581e17294d,embassador.forum,available,2.19,34.99,high,low,10,namesilo,,,18/09/2026 16:29
151ccc74-a2ff-4713-8e32-c96e85dda446,connector.forum,available,2.19,34.99,high,low,9,namesilo,,,24/09/2026 17:23
5b8b92a6-d3cd-4810-b9d1-83b95ad3fd45,notification.forum,available,30.2,30.2,high,low,12,cloudflare,,,30/09/2026 06:07
bb664a82-669c-4e51-a973-88492f6d2eb5,interred.forum,available,1.8,49.98,medium,low,8,namecheap,,,11/08/2026 10:36
3334e6f7-3446-4e0e-8cd7-f16ccb5b1176,moneyed.forum,available,1.8,49.98,high,low,7,namecheap,,,
4b3e2da2-b1e0-4cf8-a6ae-b3b5249c6a15,lodge.forum,premium,103.7,103.7,high,low,5,spaceship,,,28/09/2026 23:14
73250bad-9c62-4041-94d0-0fd1db3c5c01,plunk.forum,premium,116,116,medium,low,5,namesilo,,,15/09/2026 20:41
387054c7-ff2a-406f-85e4-b6bc9bb9bc2c,corinth.forum,available,2.19,34.99,high,low,7,namesilo,,,30/09/2026 16:47
b069bfbe-3e14-48df-8e15-bf1ad5515954,soon.forum,premium,116,116,high,low,4,namesilo,,,28/09/2026 13:25
cb199c8b-0825-4454-9ed5-ac8cd4baf038,christiana.forum,available,1.24,31.16,medium,low,10,spaceship,,,01/10/2026 00:03
cca07509-cdc4-49f7-b0b5-4ae7b91a98be,downcast.forum,available,1.8,49.98,medium,low,8,namecheap,,,14/08/2026 17:33
72b3c0d0-6f20-4fc1-8d18-c760d1ab4efe,sat.forum,premium,437.5,,high,low,3,name.com,,,30/09/2026 10:30
230d9cea-2b73-4ef4-93b1-eddf26b49fc9,bandanna.forum,available,2.19,34.99,high,low,8,namesilo,,,22/09/2026 00:59
c1cec5a8-58d9-4270-9092-96b0efb2658f,unafraid.forum,available,1.8,49.98,high,low,8,namecheap,,,10/09/2026 01:28
3898229b-d74a-4f38-b58f-7506f9d370ad,futile.forum,available,2.19,34.99,medium,low,6,namesilo,,,22/09/2026 23:49
7d0261b8-6324-4a6c-9cf1-e12e5591669c,astragalus.forum,available,2.19,34.99,high,low,10,namesilo,,,19/09/2026 09:45
566be3fa-99bc-48c7-878f-4f8520210ab1,beria.forum,available,2.19,34.99,medium,low,5,namesilo,,,23/09/2026 09:22
21d80044-2aaf-4e97-8012-59b4fcca47f9,explanation.forum,available,1.99,,high,low,11,name.com,,,
699bdd11-a8e1-4254-a03e-d6ce9f81b1dd,victim.forum,available,1.24,31.16,high,low,6,spaceship,,,29/09/2026 17:12
20fd3ccd-0b71-4e8c-92ff-475ecb8a5c52,internets.forum,available,1.24,31.16,medium,low,9,spaceship,,,28/09/2026 02:35
f6c07506-ab82-4e4d-a505-0c500f394277,shades.forum,premium,,,high,low,6,,,,28/09/2026 18:53
fc229958-c0d4-4391-b3d6-8a8203e7b602,takeout.forum,available,2.19,34.99,high,low,8,namesilo,,,19/09/2026 06:56
6a939329-a1cc-4a71-bd4e-7e20311d7d06,killings.forum,available,1.24,31.16,low,low,8,spaceship,,,28/09/2026 23:59
d8f6342b-491f-4ec2-b7ab-16ec00183de9,inner.forum,premium,87.5,125,high,low,5,name.com,,,22/08/2026 05:54
a6f0e83a-3cd2-47bd-8072-656453868ec5,alberta.forum,available,2.19,34.99,high,low,7,namesilo,,,18/09/2026 02:45
30e81496-0786-4469-849a-a0e93d9ebb48,soundbar.forum,available,1.99,,high,low,8,name.com,,,
59d727f4-0480-4a46-acfa-f35bca9a1f07,emptiness.forum,available,1.24,31.16,medium,low,9,spaceship,,,29/09/2026 18:45
6896bd58-b2cb-4ccb-9d2d-044b58322608,meshing.forum,available,1.8,49.98,high,low,7,namecheap,,,22/08/2026 08:10
0d29f28c-e592-4e43-8e22-f3b3dd8fbe6e,reserve.forum,available,,,high,low,7,,,,
60ec3fd9-17bc-47e8-8b9f-ea63fb6792aa,cappuccino.forum,available,2.19,34.99,high,low,10,namesilo,,,29/09/2026 07:24
74018433-87eb-4639-a094-6d14e9e4c2a5,knockout.forum,available,1.24,31.16,medium,low,8,spaceship,,,29/09/2026 04:50
89b2b09b-feef-4a50-8720-52d24095bbe9,shopper.forum,available,2.19,34.99,high,low,7,namesilo,,,01/10/2026 02:32
1ebf3b29-e8b8-4b3a-bb00-4054ffc45d8e,holliday.forum,available,2.19,34.99,medium,low,8,namesilo,,,29/09/2026 04:32
0a8f7141-8e55-4359-87f9-63908dbe0d76,whimsey.forum,available,2.19,34.99,medium,low,7,namesilo,,,20/09/2026 00:43
7c0f6f58-48d2-401e-9e21-86d5b389be2d,dynamical.forum,available,1.8,49.98,high,low,9,namecheap,,,14/08/2026 21:57
242dca25-c4a6-49ba-8fc2-2093596fadc3,dayspring.forum,premium,116,116,high,low,9,namesilo,,,11/09/2026 02:07
e0c3f63a-2231-4a61-b8e2-6cf61b0224b6,paroxysmal.forum,available,1.8,49.98,medium,low,10,namecheap,,,08/09/2026 01:54
3fa0bcc2-f01e-4127-83ce-d52ba3c6d313,unearthly.forum,available,1.8,49.98,medium,low,9,namecheap,,,16/08/2026 02:28
c3ee73a9-4c18-4e65-9732-645671c585bf,greedy.forum,available,1.8,49.98,high,low,6,namecheap,,,07/08/2026 22:09
582d391b-b67e-4183-902f-1246de923d6b,simone.forum,available,2.19,34.99,high,low,6,namesilo,,,27/09/2026 07:19
80fa997e-39ff-4795-9f99-6e90b3b2b1f4,recruiting.forum,available,30.2,30.2,high,low,10,cloudflare,,,28/09/2026 21:30
2fc8475e-908a-4189-b11e-1b2471e874fe,jury.forum,premium,116,116,high,low,4,namesilo,,,25/09/2026 08:06
b71f0e19-cee1-409d-bfda-822adcf3ade8,identifier.forum,available,30.2,30.2,high,low,10,cloudflare,,,29/09/2026 23:29
11d3d521-e012-4ea6-bd3d-7b0230c9f9e2,recursive.forum,available,1.8,49.98,high,medium,9,namecheap,,,09/09/2026 12:05
6905fa07-577b-4fcc-b49d-6b78edf97365,escaped.forum,available,1.8,49.98,medium,low,7,namecheap,,,07/08/2026 11:22
a05f2f1f-9abf-4e0b-8330-170b728c5e1f,suppressed.forum,available,1.8,49.98,high,medium,10,namecheap,,,10/09/2026 12:14
7deab5ae-6a10-43c5-ba9f-c11bb8e4006d,cities.forum,available,2.19,34.99,medium,low,6,namesilo,,,27/09/2026 09:25
50124b20-1e25-4788-b4a8-c4dd5201ae18,stat.forum,premium,87.5,,high,low,4,name.com,,,
e6aeca2c-0b75-45aa-b93b-c16051852dee,rubinstein.forum,available,1.8,49.98,medium,low,10,namecheap,,,19/09/2026 15:30
d826d231-a88c-4c29-9a35-ea5dd100489e,ahuehuete.forum,available,1.8,49.98,medium,low,9,namecheap,,,17/09/2026 20:34
2a155552-24f1-4f13-b5ee-6ecacf3732c1,asks.forum,premium,116,116,high,low,4,namesilo,,,25/09/2026 17:36
ea283c49-97dc-4b40-8a3a-416557fe0cfa,nichols.forum,available,2.19,34.99,high,low,7,namesilo,,,25/09/2026 17:20
abf48e9e-51ce-46c9-9bd3-0ec6641312cf,spend.forum,premium,218.75,,high,low,5,name.com,,,30/09/2026 21:29
aeadcc09-7362-4107-b574-49db7ed971a9,joplin.forum,premium,110,110,medium,low,6,dynadot,,,28/09/2026 19:32
46f0ea9a-f1ad-4260-839f-6da64b403377,footprint.forum,available,30.2,30.2,high,low,9,cloudflare,,,29/09/2026 12:23
b1fa572d-6dd1-46fa-8251-1c7095c2be93,quite.forum,premium,116,116,high,low,5,namesilo,,,28/09/2026 16:35
34390f22-02eb-43c0-b378-255d0064c921,cast.forum,premium,103.7,103.7,high,low,4,spaceship,,,27/09/2026 20:35
8ef6f5a6-d48e-4f5e-80f3-ceeee0ecceae,dearie.forum,available,1.99,44.99,high,low,6,name.com,,,13/08/2026 18:19
d00e686a-b95d-4d4e-b7d8-576435bc7e24,mississauga.forum,available,1.24,31.16,high,low,11,spaceship,,,30/09/2026 21:22
034f1ba7-e680-4a18-a711-c6344d1559a3,narcotics.forum,available,2.19,34.99,medium,low,9,namesilo,,,28/09/2026 22:46
0fa99304-1d87-4fe3-94ef-ffae37616cea,grant.forum,premium,650,650,high,low,5,namecheap,,,27/09/2026 12:18
d3794fba-beb2-4e19-b269-f27f41325c2d,sodomy.forum,available,2.19,34.99,medium,low,6,namesilo,,,19/09/2026 01:34
db322b3e-dd87-4ad5-ac75-2114cee3c3d0,mercantile.forum,available,1.8,49.98,medium,low,10,namecheap,,,24/08/2026 20:23
6f160d6d-8af9-4373-935f-8c051ec3232b,hotel.forum,premium,517.7,517.7,high,medium,5,spaceship,,,29/09/2026 23:01
cd0c9af6-263b-4494-b85a-287daef53f47,resultant.forum,available,1.8,49.98,high,low,9,namecheap,,,
4f16cc5c-9bcc-48df-b328-2c1a4177094e,markovian.forum,available,1.8,49.98,medium,low,9,namecheap,,,24/08/2026 16:06
778a1c2b-6b9f-4e34-a81e-72afede35fc9,bohrium.forum,available,1.8,49.98,medium,low,7,namecheap,,,20/09/2026 22:07
df17c9e5-51ca-4c4b-ba7d-692657fb12e7,raisable.forum,available,1.8,49.98,high,medium,8,namecheap,,,09/09/2026 09:51
9ccc0a05-8cff-41e1-8a80-5359190064cc,aliform.forum,available,1.8,49.98,medium,low,7,namecheap,,,
e96d7840-707f-4621-8568-3fce82d1021e,jerry.forum,available,2.19,34.99,high,low,5,namesilo,,,29/09/2026 00:12
8930a6cd-3753-4f2e-97e9-00618294318f,harijan.forum,available,1.8,49.98,medium,low,7,namecheap,,,12/09/2026 21:38
433ed828-c2b6-4744-9147-a83ebfe69f5e,liaoning.forum,available,2.19,34.99,medium,low,8,namesilo,,,30/09/2026 13:11
d5ed6283-eee5-448d-b86d-3d0d508b2c3e,fiercely.forum,available,1.24,31.16,medium,low,8,spaceship,,,28/09/2026 14:52
b7914711-a380-47da-bfe2-f4cb9c943ee7,armeria.forum,available,2.19,34.99,medium,low,7,namesilo,,,20/09/2026 06:43
a72bf3fa-d250-4678-bcf1-c88304068758,notation.forum,available,2.19,34.99,high,low,8,namesilo,,,19/09/2026 10:43
9252703d-1118-4d31-87c0-132d28e365df,dragging.forum,available,1.8,49.98,high,low,8,namecheap,,,14/08/2026 18:16
1da20ddc-63f8-48c0-ad6b-3396af24035b,eric.forum,premium,116,116,high,medium,4,namesilo,,,25/09/2026 11:25
ea7caaa7-c25d-47aa-ac11-6c171a9a4edf,scrap.forum,premium,87.5,125,high,low,5,name.com,,,18/08/2026 03:49
e49aae69-6b3b-429d-82ac-917a372a190a,pauline.forum,available,1.8,49.98,high,low,7,namecheap,,,08/09/2026 10:51
b425259d-a27a-4b46-b2ef-6233f134d098,galax.forum,premium,116,116,medium,low,5,namesilo,,,23/09/2026 01:54
efc6dce3-2d14-4941-a798-fab89ffe7490,ioc.forum,premium,130,130,high,low,3,namecheap,,,28/09/2026 07:36
2a7dc82f-2e9b-48f2-a309-6f5858dbf77c,artistry.forum,premium,116,116,high,medium,8,namesilo,,,28/09/2026 08:07
365e34fc-f7f2-4b20-9044-3ada953946fa,samba.forum,premium,87.5,125,high,low,5,name.com,,,20/09/2026 04:00
4e42ed7f-3880-450b-94a2-e359193e9d8e,offend.forum,available,1.24,31.16,medium,low,6,spaceship,,,28/09/2026 18:28
6adc6ca9-7756-4e60-bda0-db06b3dd3c3e,foxes.forum,premium,103.7,103.7,medium,low,5,spaceship,,,30/09/2026 14:38
270a0865-beb1-4993-a8bc-272ba7f54692,reprobate.forum,available,1.8,49.98,medium,low,9,namecheap,,,14/08/2026 02:38
9672427d-af1f-4709-914a-e94393abf0e4,northeast.forum,available,30.2,30.2,medium,low,9,cloudflare,,,28/09/2026 16:59
eb75994a-4b63-40af-8c6d-440ab9c5dee3,salamanca.forum,available,2.19,34.99,medium,low,9,namesilo,,,28/09/2026 16:27
a649ad68-dc02-414d-93a0-2152b76ca5b8,dumbfound.forum,available,2.19,34.99,medium,low,9,namesilo,,,21/09/2026 17:37
fb72e9c7-b826-438a-9d3a-ff80cf4cfe05,anarchism.forum,available,2.19,34.99,medium,low,9,namesilo,,,19/09/2026 02:24